paper,year,word,ctx_freq,PMI
Figaro : journal non politique,1871,p,4,3.495
Figaro : journal non politique,1871,slategray,4,1.783
Figaro : journal non politique,1871,color,4,1.783
Figaro : journal non politique,1871,span,7,1.59
Figaro : journal non politique,1871,style,3,1.368
Figaro : journal non politique,1872,slategray,4,2.783
Figaro : journal non politique,1872,span,7,2.59
Figaro : journal non politique,1872,style,3,2.368
Figaro : journal non politique,1872,color,3,2.368
Figaro : journal non politique,1874,span,3,2.368
Figaro : journal non politique,1876,slategray,5,2.882
Figaro : journal non politique,1876,span,8,2.56
Figaro : journal non politique,1876,style,4,2.56
Figaro : journal non politique,1876,color,4,2.56
Figaro : journal non politique,1878,span,4,1.046
Figaro : journal non politique,1879,span,6,2.953
Figaro : journal non politique,1879,style,3,2.953
Figaro : journal non politique,1879,color,3,2.953
Figaro : journal non politique,1879,slategray,3,2.953
Figaro : journal non politique,1880,p,9,4.343
Figaro : journal non politique,1880,span,11,1.92
Figaro : journal non politique,1880,style,4,1.461
Figaro : journal non politique,1880,color,4,1.461
Figaro : journal non politique,1880,slategray,4,1.461
Figaro : journal non politique,1881,collectivistes,5,16.433
Figaro : journal non politique,1881,révolutionnaires,4,11.928
Figaro : journal non politique,1881,socialistes,3,9.481
Figaro : journal non politique,1881,autres,3,7.567
Figaro : journal non politique,1881,autre,3,7.44
Figaro : journal non politique,1881,comme,3,6.266
Figaro : journal non politique,1881,a,3,3.359
Figaro : journal non politique,1881,p,14,3.215
Figaro : journal non politique,1881,slategray,18,1.865
Figaro : journal non politique,1881,color,17,1.783
Figaro : journal non politique,1882,bonthoux,3,20.254
Figaro : journal non politique,1882,blanquistes,3,16.296
Figaro : journal non politique,1882,collectivistes,12,15.561
Figaro : journal non politique,1882,placards,3,13.511
Figaro : journal non politique,1882,montceau,3,13.344
Figaro : journal non politique,1882,collectiviste,3,13.143
Figaro : journal non politique,1882,meneurs,3,11.776
Figaro : journal non politique,1882,sauter,4,11.316
Figaro : journal non politique,1882,jeunesse,14,10.327
Figaro : journal non politique,1882,exécutif,3,10.3
Figaro : journal non politique,1883,cyvoct,11,16.127
Figaro : journal non politique,1883,kropotkine,3,14.754
Figaro : journal non politique,1883,pouget,4,13.554
Figaro : journal non politique,1883,collectivistes,4,13.008
Figaro : journal non politique,1883,montceau,3,12.376
Figaro : journal non politique,1883,roanne,3,11.537
Figaro : journal non politique,1883,conspiration,3,11.503
Figaro : journal non politique,1883,secte,3,11.469
Figaro : journal non politique,1883,émeute,3,10.64
Figaro : journal non politique,1883,correctionnel,4,10.52
Figaro : journal non politique,1884,stellmacher,3,19.872
Figaro : journal non politique,1884,druelle,3,18.768
Figaro : journal non politique,1884,reinsdorf,3,17.484
Figaro : journal non politique,1884,blanquiste,3,16.553
Figaro : journal non politique,1884,kammerer,3,16.492
Figaro : journal non politique,1884,most,4,16.419
Figaro : journal non politique,1884,blanquistes,3,16.075
Figaro : journal non politique,1884,emeute,3,15.916
Figaro : journal non politique,1884,cyvoct,4,15.415
Figaro : journal non politique,1884,pesth,4,13.986
Figaro : journal non politique,1885,ninetta,3,17.376
Figaro : journal non politique,1885,blanquistes,6,16.846
Figaro : journal non politique,1885,collectivistes,3,13.111
Figaro : journal non politique,1885,martinet,4,12.895
Figaro : journal non politique,1885,lévis,3,12.649
Figaro : journal non politique,1885,révolutionnaires,7,10.151
Figaro : journal non politique,1885,complot,3,9.966
Figaro : journal non politique,1885,réunions,7,9.658
Figaro : journal non politique,1885,meeting,4,9.32
Figaro : journal non politique,1885,promis,3,9.272
Figaro : journal non politique,1886,botten,7,18.214
Figaro : journal non politique,1886,galo,6,17.864
Figaro : journal non politique,1886,most,6,16.966
Figaro : journal non politique,1886,nihilistes,3,14.653
Figaro : journal non politique,1886,pénélope,3,14.358
Figaro : journal non politique,1886,decazeville,3,14.179
Figaro : journal non politique,1886,gallo,3,12.639
Figaro : journal non politique,1886,normand,3,11.594
Figaro : journal non politique,1886,meneurs,3,11.518
Figaro : journal non politique,1886,chicago,4,11.434
Figaro : journal non politique,1887,leboucher,3,16.35
Figaro : journal non politique,1887,bishop,4,15.776
Figaro : journal non politique,1887,chicago,18,13.408
Figaro : journal non politique,1887,monod,3,13.084
Figaro : journal non politique,1887,robinson,4,11.707
Figaro : journal non politique,1887,pourvoi,3,11.663
Figaro : journal non politique,1887,batignolles,3,11.464
Figaro : journal non politique,1887,duval,7,11.305
Figaro : journal non politique,1887,doctrines,3,10.302
Figaro : journal non politique,1887,longueurs,3,9.719
Figaro : journal non politique,1888,possibilistes,5,17.987
Figaro : journal non politique,1888,tac,4,13.559
Figaro : journal non politique,1888,lucas,5,13.326
Figaro : journal non politique,1888,gallo,3,13.296
Figaro : journal non politique,1888,tic,4,11.992
Figaro : journal non politique,1888,compagnons,4,11.217
Figaro : journal non politique,1888,socialistes,11,9.619
Figaro : journal non politique,1888,bas,4,8.129
Figaro : journal non politique,1888,ailleurs,3,7.096
Figaro : journal non politique,1888,ment,4,7.077
Figaro : journal non politique,1889,emscote,10,21.809
Figaro : journal non politique,1889,soudey,8,20.572
Figaro : journal non politique,1889,fifine,9,19.846
Figaro : journal non politique,1889,morphy,7,18.977
Figaro : journal non politique,1889,trinidad,16,18.625
Figaro : journal non politique,1889,volubilis,4,16.918
Figaro : journal non politique,1889,basden,3,16.892
Figaro : journal non politique,1889,lynx,6,16.177
Figaro : journal non politique,1889,boisgelin,6,15.489
Figaro : journal non politique,1889,chester,3,15.233
Figaro : journal non politique,1890,gégout,5,19.03
Figaro : journal non politique,1890,martinet,3,12.898
Figaro : journal non politique,1890,modéré,4,10.981
Figaro : journal non politique,1890,compagnon,3,10.868
Figaro : journal non politique,1890,manifester,3,10.688
Figaro : journal non politique,1890,compromis,3,10.471
Figaro : journal non politique,1890,compagnons,3,10.372
Figaro : journal non politique,1890,quartiers,3,10.246
Figaro : journal non politique,1890,révolutionnaires,4,9.761
Figaro : journal non politique,1890,arrêtés,3,9.489
Figaro : journal non politique,1891,olot,3,17.294
Figaro : journal non politique,1891,leboucher,3,16.359
Figaro : journal non politique,1891,blanquistes,4,16.265
Figaro : journal non politique,1891,placards,3,13.065
Figaro : journal non politique,1891,martinet,3,12.484
Figaro : journal non politique,1891,théories,9,12.3
Figaro : journal non politique,1891,compagnon,8,11.87
Figaro : journal non politique,1891,conscrits,3,11.59
Figaro : journal non politique,1891,crie,3,10.324
Figaro : journal non politique,1891,complot,3,9.971
Figaro : journal non politique,1892,dufournel,3,16.279
Figaro : journal non politique,1892,schouppe,3,15.808
Figaro : journal non politique,1892,chaumartin,4,15.573
Figaro : journal non politique,1892,rabe,5,14.975
Figaro : journal non politique,1892,ravachol,26,14.738
Figaro : journal non politique,1892,bricou,4,14.408
Figaro : journal non politique,1892,stéphanois,4,14.274
Figaro : journal non politique,1892,tournadre,3,14.167
Figaro : journal non politique,1892,repenti,4,13.56
Figaro : journal non politique,1892,pini,5,13.25
Figaro : journal non politique,1893,marpeaux,4,17.269
Figaro : journal non politique,1893,léauthier,5,16.87
Figaro : journal non politique,1893,schouppe,4,16.72
Figaro : journal non politique,1893,peinard,3,14.785
Figaro : journal non politique,1893,bricou,3,14.49
Figaro : journal non politique,1893,pallas,4,14.292
Figaro : journal non politique,1893,placards,15,13.794
Figaro : journal non politique,1893,collectivistes,6,12.523
Figaro : journal non politique,1893,affilié,4,12.492
Figaro : journal non politique,1893,cohen,5,12.071
Figaro : journal non politique,1894,fornaro,5,17.254
Figaro : journal non politique,1894,marpeaux,4,15.985
Figaro : journal non politique,1894,bécu,4,15.809
Figaro : journal non politique,1894,léauthier,5,15.586
Figaro : journal non politique,1894,schouppe,4,15.436
Figaro : journal non politique,1894,polti,3,14.638
Figaro : journal non politique,1894,caserio,14,14.198
Figaro : journal non politique,1894,tournadre,3,13.379
Figaro : journal non politique,1894,lega,3,13.339
Figaro : journal non politique,1894,ortiz,7,13.116
Figaro : journal non politique,1895,bouteilhe,4,19.031
Figaro : journal non politique,1895,decoux,3,16.739
Figaro : journal non politique,1895,cohen,3,12.663
Figaro : journal non politique,1895,avéré,3,12.589
Figaro : journal non politique,1895,menées,11,12.552
Figaro : journal non politique,1895,engin,3,11.745
Figaro : journal non politique,1895,liège,7,11.736
Figaro : journal non politique,1895,attentat,18,11.671
Figaro : journal non politique,1895,surveiller,4,10.977
Figaro : journal non politique,1895,militant,4,10.945
Figaro : journal non politique,1896,antiparlementaires,3,16.656
Figaro : journal non politique,1896,matha,5,15.914
Figaro : journal non politique,1896,nihilistes,3,14.429
Figaro : journal non politique,1896,arméniens,3,12.019
Figaro : journal non politique,1896,attentat,18,11.896
Figaro : journal non politique,1896,militant,6,11.756
Figaro : journal non politique,1896,attentats,4,11.428
Figaro : journal non politique,1896,berthe,4,11.273
Figaro : journal non politique,1896,brochures,4,11.05
Figaro : journal non politique,1896,judiciaires,4,10.775
Figaro : journal non politique,1897,sempau,4,20.092
Figaro : journal non politique,1897,angiolillo,3,18.171
Figaro : journal non politique,1897,montjuich,4,15.952
Figaro : journal non politique,1897,caserio,3,14.788
Figaro : journal non politique,1897,canovas,5,14.404
Figaro : journal non politique,1897,bombe,7,11.998
Figaro : journal non politique,1897,attentat,12,11.284
Figaro : journal non politique,1897,détenus,4,11.188
Figaro : journal non politique,1897,espagnols,11,11.159
Figaro : journal non politique,1897,théories,4,11.066
Figaro : journal non politique,1898,lucheni,5,18.289
Figaro : journal non politique,1898,etiévant,14,17.262
Figaro : journal non politique,1898,luccheni,4,16.425
Figaro : journal non politique,1898,placards,9,14.22
Figaro : journal non politique,1898,lebreton,3,13.077
Figaro : journal non politique,1898,lucas,5,12.052
Figaro : journal non politique,1898,attentats,8,12.035
Figaro : journal non politique,1898,expulsés,3,11.702
Figaro : journal non politique,1898,menées,5,11.247
Figaro : journal non politique,1898,complot,9,11.125
Figaro : journal non politique,1899,attentats,4,12.433
Figaro : journal non politique,1899,menées,4,12.323
Figaro : journal non politique,1899,manifestants,3,10.678
Figaro : journal non politique,1899,george,5,10.568
Figaro : journal non politique,1899,trouvait,3,9.216
Figaro : journal non politique,1899,propagande,5,9.167
Figaro : journal non politique,1899,coups,4,8.727
Figaro : journal non politique,1899,agents,3,8.419
Figaro : journal non politique,1899,nom,4,7.162
Figaro : journal non politique,1899,réunion,3,7.091
Figaro : journal non politique,1900,théories,3,12.701
Figaro : journal non politique,1900,propagande,3,9.449
Figaro : journal non politique,1900,français,3,7.037
Figaro : journal non politique,1900,être,3,5.835
Figaro : journal non politique,1900,bien,3,5.806
Figaro : journal non politique,1900,deux,3,5.804
Figaro : journal non politique,1900,plus,4,5.022
Figaro : journal non politique,1900,a,9,4.35
Figaro : journal non politique,1900,p,44,4.272
Figaro : journal non politique,1900,style,17,1.188
Figaro : journal non politique,1901,barabbas,3,17.681
Figaro : journal non politique,1901,luccheni,3,16.885
Figaro : journal non politique,1901,secte,3,12.436
Figaro : journal non politique,1901,menées,6,12.386
Figaro : journal non politique,1901,théories,3,11.161
Figaro : journal non politique,1901,attentat,7,11.017
Figaro : journal non politique,1901,dangereux,6,10.785
Figaro : journal non politique,1901,surveillance,3,9.987
Figaro : journal non politique,1901,panama,3,9.914
Figaro : journal non politique,1901,espagnols,3,9.795
Figaro : journal non politique,1902,rubino,3,17.73
Figaro : journal non politique,1902,libertad,5,16.893
Figaro : journal non politique,1902,monnayeurs,7,16.35
Figaro : journal non politique,1902,expulsés,3,12.748
Figaro : journal non politique,1902,menées,3,11.557
Figaro : journal non politique,1902,attentat,8,11.38
Figaro : journal non politique,1902,complot,4,11.002
Figaro : journal non politique,1902,arrestation,6,10.474
Figaro : journal non politique,1902,dangereux,4,10.371
Figaro : journal non politique,1902,barcelone,3,10.259
Figaro : journal non politique,1903,parmeggiani,9,20.872
Figaro : journal non politique,1903,théories,3,12.123
Figaro : journal non politique,1903,dangereux,3,10.747
Figaro : journal non politique,1903,arrestation,4,10.68
Figaro : journal non politique,1903,connu,4,9.811
Figaro : journal non politique,1903,arrêté,4,9.314
Figaro : journal non politique,1903,italien,3,9.299
Figaro : journal non politique,1903,russes,3,9.236
Figaro : journal non politique,1903,hier,4,6.394
Figaro : journal non politique,1903,autre,3,6.267
Figaro : journal non politique,1904,brisset,3,16.193
Figaro : journal non politique,1904,philipp,5,16.149
Figaro : journal non politique,1904,tièdes,3,15.426
Figaro : journal non politique,1904,confrontation,3,13.232
Figaro : journal non politique,1904,brochures,4,12.253
Figaro : journal non politique,1904,menées,3,12.106
Figaro : journal non politique,1904,attentat,7,11.736
Figaro : journal non politique,1904,arrestation,5,10.76
Figaro : journal non politique,1904,arrêté,5,9.394
Figaro : journal non politique,1904,socialistes,7,9.288
Figaro : journal non politique,1905,domela,3,17.572
Figaro : journal non politique,1905,vallina,4,16.836
Figaro : journal non politique,1905,antimilitaristes,3,13.047
Figaro : journal non politique,1905,montluçon,3,12.72
Figaro : journal non politique,1905,menées,7,12.41
Figaro : journal non politique,1905,bombe,5,11.824
Figaro : journal non politique,1905,théories,5,11.699
Figaro : journal non politique,1905,brochures,5,11.656
Figaro : journal non politique,1905,espagnols,8,11.012
Figaro : journal non politique,1905,complot,5,10.955
Figaro : journal non politique,1906,antimilitaristes,5,13.368
Figaro : journal non politique,1906,menées,12,12.771
Figaro : journal non politique,1906,complot,13,11.917
Figaro : journal non politique,1906,brochures,6,11.503
Figaro : journal non politique,1906,attentat,11,11.054
Figaro : journal non politique,1906,copenhague,3,10.748
Figaro : journal non politique,1906,bombes,5,10.552
Figaro : journal non politique,1906,espagnols,5,9.917
Figaro : journal non politique,1906,arrêtés,6,9.906
Figaro : journal non politique,1906,interrogé,3,9.854
Figaro : journal non politique,1907,costeau,3,17.799
Figaro : journal non politique,1907,libertad,4,16.052
Figaro : journal non politique,1907,monnayeurs,6,15.609
Figaro : journal non politique,1907,lew,4,14.778
Figaro : journal non politique,1907,individualiste,3,14.157
Figaro : journal non politique,1907,antimilitaristes,5,13.635
Figaro : journal non politique,1907,libertaire,4,13.318
Figaro : journal non politique,1907,brochures,7,11.993
Figaro : journal non politique,1907,israël,3,11.953
Figaro : journal non politique,1907,menées,5,11.775
Figaro : journal non politique,1908,attentats,3,11.458
Figaro : journal non politique,1908,complot,6,11.378
Figaro : journal non politique,1908,militant,3,11.201
Figaro : journal non politique,1908,attentat,6,10.756
Figaro : journal non politique,1908,connus,3,10.014
Figaro : journal non politique,1908,arrestation,5,10.002
Figaro : journal non politique,1908,russes,5,8.973
Figaro : journal non politique,1908,arrêté,6,8.899
Figaro : journal non politique,1908,propagande,5,8.607
Figaro : journal non politique,1908,socialistes,6,8.308
Figaro : journal non politique,1909,tepatti,4,22.553
Figaro : journal non politique,1909,hartenstein,3,18.745
Figaro : journal non politique,1909,hindou,3,13.509
Figaro : journal non politique,1909,ferrer,5,12.447
Figaro : journal non politique,1909,attentats,4,11.724
Figaro : journal non politique,1909,complot,6,11.229
Figaro : journal non politique,1909,ouvertement,3,11.062
Figaro : journal non politique,1909,attentat,8,11.022
Figaro : journal non politique,1909,proclamé,3,10.768
Figaro : journal non politique,1909,barcelone,5,10.639
Figaro : journal non politique,1910,sinner,3,20.944
Figaro : journal non politique,1910,barcelone,3,11.141
Figaro : journal non politique,1910,révolutionnaires,4,10.846
Figaro : journal non politique,1910,dangereux,3,10.838
Figaro : journal non politique,1910,arrestation,4,10.771
Figaro : journal non politique,1910,genève,3,9.755
Figaro : journal non politique,1910,pleine,3,9.573
Figaro : journal non politique,1910,socialistes,6,9.399
Figaro : journal non politique,1910,russes,3,9.326
Figaro : journal non politique,1910,nommé,3,8.683
Figaro : journal non politique,1911,antimilitaristes,3,13.134
Figaro : journal non politique,1911,crimes,19,12.59
Figaro : journal non politique,1911,street,4,11.831
Figaro : journal non politique,1911,brochures,5,11.743
Figaro : journal non politique,1911,syndicalistes,3,11.543
Figaro : journal non politique,1911,militant,4,11.542
Figaro : journal non politique,1911,menées,3,11.274
Figaro : journal non politique,1911,attentat,8,11.098
Figaro : journal non politique,1911,péri,3,10.962
Figaro : journal non politique,1911,complot,4,10.72
Figaro : journal non politique,1912,rimbaud,3,14.26
Figaro : journal non politique,1912,bonnot,5,14.041
Figaro : journal non politique,1912,libertaires,3,13.834
Figaro : journal non politique,1912,millionnaire,8,13.711
Figaro : journal non politique,1912,alba,3,13.257
Figaro : journal non politique,1912,fromentin,3,13.051
Figaro : journal non politique,1912,fréquenté,3,12.618
Figaro : journal non politique,1912,monnier,3,12.08
Figaro : journal non politique,1912,lenoir,3,11.274
Figaro : journal non politique,1912,cambrioleurs,3,11.124
Figaro : journal non politique,1913,désobéis,3,17.426
Figaro : journal non politique,1913,carouy,3,15.775
Figaro : journal non politique,1913,noury,4,15.447
Figaro : journal non politique,1913,white,10,14.792
Figaro : journal non politique,1913,antimilitariste,3,12.797
Figaro : journal non politique,1913,menées,5,12.286
Figaro : journal non politique,1913,syndicalistes,3,11.818
Figaro : journal non politique,1913,attentats,3,11.659
Figaro : journal non politique,1913,militant,3,11.402
Figaro : journal non politique,1913,compagnons,5,11.305
Figaro : journal non politique,1914,russes,7,11.496
Figaro : journal non politique,1914,trois,3,7.408
Figaro : journal non politique,1914,leurs,4,7.367
Figaro : journal non politique,1914,contre,4,7.088
Figaro : journal non politique,1914,p,55,5.054
Figaro : journal non politique,1914,a,4,3.639
Figaro : journal non politique,1915,lorulot,3,20.606
Figaro : journal non politique,1915,procès,5,11.803
Figaro : journal non politique,1915,ni,3,8.782
Figaro : journal non politique,1915,p,19,4.573
Figaro : journal non politique,1916,intellectuels,3,14.394
Figaro : journal non politique,1916,individu,3,12.57
Figaro : journal non politique,1916,p,18,4.495
Figaro : journal non politique,1916,a,3,4.277
Figaro : journal non politique,1916,style,5,0.935
Figaro : journal non politique,1916,span,6,0.198
Figaro : journal non politique,1916,color,3,0.198
Figaro : journal non politique,1916,slategray,3,0.198
Figaro : journal non politique,1917,individualistes,3,17.27
Figaro : journal non politique,1917,menées,3,12.767
Figaro : journal non politique,1917,révolutionnaires,4,11.174
Figaro : journal non politique,1917,éléments,4,10.846
Figaro : journal non politique,1917,propagande,3,9.289
Figaro : journal non politique,1917,mouvement,3,8.735
Figaro : journal non politique,1917,jeune,4,8.338
Figaro : journal non politique,1917,cet,3,7.139
Figaro : journal non politique,1917,trois,3,6.789
Figaro : journal non politique,1917,contre,4,6.469
Figaro : journal non politique,1918,sébastien,5,12.83
Figaro : journal non politique,1918,faure,5,11.017
Figaro : journal non politique,1918,connus,3,10.859
Figaro : journal non politique,1918,propagande,7,9.938
Figaro : journal non politique,1918,éléments,3,9.857
Figaro : journal non politique,1918,organisations,3,9.713
Figaro : journal non politique,1918,réunions,3,9.693
Figaro : journal non politique,1918,vis,4,9.641
Figaro : journal non politique,1918,quartier,3,9.067
Figaro : journal non politique,1918,russe,3,8.524
Figaro : journal non politique,1919,cottin,6,15.72
Figaro : journal non politique,1919,poignée,3,12.531
Figaro : journal non politique,1919,attentat,4,11.122
Figaro : journal non politique,1919,révolutionnaires,3,10.291
Figaro : journal non politique,1919,russes,4,9.602
Figaro : journal non politique,1919,jeune,8,8.87
Figaro : journal non politique,1919,propagande,3,8.82
Figaro : journal non politique,1919,capitaine,3,8.663
Figaro : journal non politique,1919,chez,5,7.515
Figaro : journal non politique,1919,plusieurs,3,7.236
Figaro : journal non politique,1920,loréal,3,18.165
Figaro : journal non politique,1920,malatesta,3,17.426
Figaro : journal non politique,1920,coussinet,3,17.17
Figaro : journal non politique,1920,comparaissaient,3,15.738
Figaro : journal non politique,1920,menées,5,12.908
Figaro : journal non politique,1920,correctionnelle,4,12.057
Figaro : journal non politique,1920,correctionnel,3,11.858
Figaro : journal non politique,1920,attentat,3,10.579
Figaro : journal non politique,1920,fédération,9,9.982
Figaro : journal non politique,1920,propagande,5,9.43
Figaro : journal non politique,1921,lecoin,7,18.014
Figaro : journal non politique,1921,menées,20,14.487
Figaro : journal non politique,1921,millionnaire,5,13.926
Figaro : journal non politique,1921,sacco,3,13.688
Figaro : journal non politique,1921,syndicalistes,4,12.434
Figaro : journal non politique,1921,attentat,5,10.896
Figaro : journal non politique,1921,agitation,4,10.508
Figaro : journal non politique,1921,propagande,13,10.388
Figaro : journal non politique,1921,communistes,5,9.525
Figaro : journal non politique,1921,milieux,3,9.236
Figaro : journal non politique,1922,lecoin,4,17.158
Figaro : journal non politique,1922,bouvet,6,15.011
Figaro : journal non politique,1922,propagande,18,10.808
Figaro : journal non politique,1922,communistes,9,10.324
Figaro : journal non politique,1922,militants,3,9.809
Figaro : journal non politique,1922,but,11,9.732
Figaro : journal non politique,1922,assises,3,9.536
Figaro : journal non politique,1922,manifestation,3,8.731
Figaro : journal non politique,1922,communiste,4,8.639
Figaro : journal non politique,1922,prison,3,8.27
Figaro : journal non politique,1923,gohory,8,21.612
Figaro : journal non politique,1923,taupin,4,15.672
Figaro : journal non politique,1923,bouvet,6,14.83
Figaro : journal non politique,1923,berton,5,13.263
Figaro : journal non politique,1923,suicidé,3,12.206
Figaro : journal non politique,1923,tracts,4,11.718
Figaro : journal non politique,1923,germaine,4,11.106
Figaro : journal non politique,1923,communistes,6,9.559
Figaro : journal non politique,1923,propagande,6,9.043
Figaro : journal non politique,1923,milieux,3,9.007
Figaro : journal non politique,1924,bonomini,6,19.817
Figaro : journal non politique,1924,gruffy,4,17.246
Figaro : journal non politique,1924,menées,3,12.095
Figaro : journal non politique,1924,tracts,3,11.878
Figaro : journal non politique,1924,condamnés,3,10.514
Figaro : journal non politique,1924,communistes,6,10.133
Figaro : journal non politique,1924,milieux,3,9.581
Figaro : journal non politique,1924,daudet,3,9.056
Figaro : journal non politique,1924,passage,3,8.878
Figaro : journal non politique,1924,jean,6,8.212
Figaro : journal non politique,1925,gruffy,5,16.931
Figaro : journal non politique,1925,qualification,4,14.604
Figaro : journal non politique,1925,bellanger,3,14.146
Figaro : journal non politique,1925,flaoutter,3,13.616
Figaro : journal non politique,1925,libertaire,3,13.323
Figaro : journal non politique,1925,désobéissance,3,13.207
Figaro : journal non politique,1925,lariboisière,3,12.742
Figaro : journal non politique,1925,vidal,7,12.558
Figaro : journal non politique,1925,menées,5,12.196
Figaro : journal non politique,1925,commettre,4,11.612
Figaro : journal non politique,1926,lucetti,3,20.66
Figaro : journal non politique,1926,espagnols,7,12.097
Figaro : journal non politique,1926,dangereux,4,11.28
Figaro : journal non politique,1926,italiens,7,10.91
Figaro : journal non politique,1926,arrêtés,3,10.6
Figaro : journal non politique,1926,italien,5,10.153
Figaro : journal non politique,1926,propagande,4,9.402
Figaro : journal non politique,1926,but,3,8.621
Figaro : journal non politique,1926,contre,7,6.975
Figaro : journal non politique,1926,deux,5,6.08
Figaro : journal non politique,1927,gimenez,4,18.239
Figaro : journal non politique,1927,lecoin,5,17.278
Figaro : journal non politique,1927,vanzetti,9,15.219
Figaro : journal non politique,1927,sacco,7,14.66
Figaro : journal non politique,1927,boston,5,13.659
Figaro : journal non politique,1927,condamnés,7,11.14
Figaro : journal non politique,1927,anarchie,3,10.846
Figaro : journal non politique,1927,propagande,17,10.524
Figaro : journal non politique,1927,communistes,11,10.412
Figaro : journal non politique,1927,espagnols,3,9.909
Figaro : journal non politique,1928,ascaso,3,19.632
Figaro : journal non politique,1928,espagnols,3,11.769
Figaro : journal non politique,1928,arrêtés,3,11.495
Figaro : journal non politique,1928,propagande,7,11.105
Figaro : journal non politique,1928,condamné,3,10.478
Figaro : journal non politique,1928,but,4,9.932
Figaro : journal non politique,1928,contre,3,6.647
Figaro : journal non politique,1928,france,3,6.588
Figaro : journal non politique,1928,bien,3,6.24
Figaro : journal non politique,1928,a,9,4.784
Figaro : journal non politique,1929,propagande,13,11.948
Figaro : journal non politique,1929,milieux,4,11.211
Figaro : journal non politique,1929,but,10,11.204
Figaro : journal non politique,1929,communistes,4,10.763
Figaro : journal non politique,1929,contre,3,6.598
Figaro : journal non politique,1929,a,6,4.149
Figaro : journal non politique,1929,p,10,2.519
Figaro : journal non politique,1929,slategray,25,2.129
Figaro : journal non politique,1929,color,24,2.07
Figaro : journal non politique,1929,span,47,2.04
Figaro : journal non politique,1930,bernieri,3,19.795
Figaro : journal non politique,1930,perquisitions,3,12.907
Figaro : journal non politique,1930,milieux,6,11.287
Figaro : journal non politique,1930,italiens,7,11.246
Figaro : journal non politique,1930,espagnols,3,11.21
Figaro : journal non politique,1930,propagande,8,10.738
Figaro : journal non politique,1930,italien,4,10.167
Figaro : journal non politique,1930,diverses,4,9.657
Figaro : journal non politique,1930,but,4,9.372
Figaro : journal non politique,1930,police,3,8.165
Figaro : journal non politique,1931,schirru,13,22.803
Figaro : journal non politique,1931,italien,6,10.718
Figaro : journal non politique,1931,condamné,4,10.299
Figaro : journal non politique,1931,propagande,4,9.704
Figaro : journal non politique,1931,ancien,4,8.59
Figaro : journal non politique,1931,autres,3,6.813
Figaro : journal non politique,1931,autre,3,6.686
Figaro : journal non politique,1931,dont,4,6.362
Figaro : journal non politique,1931,dit,3,6.307
Figaro : journal non politique,1931,tous,3,5.671
Figaro : journal non politique,1932,bombes,3,12.622
Figaro : journal non politique,1932,arrestation,3,11.496
Figaro : journal non politique,1932,homme,3,8.174
Figaro : journal non politique,1932,comme,4,6.739
Figaro : journal non politique,1932,fait,3,6.407
Figaro : journal non politique,1932,a,6,4.417
Figaro : journal non politique,1932,p,29,4.323
Figaro : journal non politique,1932,style,11,1.212
Figaro : journal non politique,1932,span,20,1.075
Figaro : journal non politique,1932,color,9,0.923
Figaro : journal non politique,1933,menées,7,14.438
Figaro : journal non politique,1933,syndicalistes,4,13.899
Figaro : journal non politique,1933,ennemis,3,10.662
Figaro : journal non politique,1933,mouvement,3,9.184
Figaro : journal non politique,1933,p,23,3.626
Figaro : journal non politique,1933,a,3,3.054
Figaro : journal non politique,1933,style,11,0.85
Figaro : journal non politique,1933,span,20,0.712
Figaro : journal non politique,1933,color,8,0.391
Figaro : journal non politique,1933,slategray,7,0.198
Figaro : journal non politique,1934,éléments,3,11.535
Figaro : journal non politique,1934,communistes,3,10.909
Figaro : journal non politique,1934,union,4,9.825
Figaro : journal non politique,1934,action,3,8.569
Figaro : journal non politique,1934,p,24,4.343
Figaro : journal non politique,1934,slategray,14,1.853
Figaro : journal non politique,1934,style,13,1.746
Figaro : journal non politique,1934,color,12,1.631
Figaro : journal non politique,1934,span,21,1.438
Figaro : journal non politique,1935,égard,3,10.989
Figaro : journal non politique,1935,propagande,4,10.96
Figaro : journal non politique,1935,ni,4,8.782
Figaro : journal non politique,1935,a,4,4.277
Figaro : journal non politique,1935,p,11,3.369
Figaro : journal non politique,1935,color,14,2.005
Figaro : journal non politique,1935,slategray,13,1.898
Figaro : journal non politique,1935,style,11,1.657
Figaro : journal non politique,1935,span,20,1.52
Figaro : journal non politique,1936,ibérique,18,16.668
Figaro : journal non politique,1936,communo,3,16.638
Figaro : journal non politique,1936,puigcerda,3,15.317
Figaro : journal non politique,1936,réveillent,3,13.723
Figaro : journal non politique,1936,catalans,4,13.175
Figaro : journal non politique,1936,caballero,3,12.817
Figaro : journal non politique,1936,irun,3,12.686
Figaro : journal non politique,1936,largo,3,12.545
Figaro : journal non politique,1936,miliciens,5,12.468
Figaro : journal non politique,1936,basques,4,12.407
Figaro : journal non politique,1937,trotskystes,4,16.45
Figaro : journal non politique,1937,tamburini,4,15.405
Figaro : journal non politique,1937,ibérique,3,14.649
Figaro : journal non politique,1937,catalans,4,13.741
Figaro : journal non politique,1937,miliciens,6,13.297
Figaro : journal non politique,1937,marxistes,3,12.975
Figaro : journal non politique,1937,notoire,4,12.829
Figaro : journal non politique,1937,attentats,5,11.773
Figaro : journal non politique,1937,barcelone,13,11.745
Figaro : journal non politique,1937,valence,6,11.441
Figaro : journal non politique,1938,syndicalistes,3,13.97
Figaro : journal non politique,1938,communistes,5,11.476
Figaro : journal non politique,1938,communiste,3,10.224
Figaro : journal non politique,1938,espagne,3,9.938
Figaro : journal non politique,1938,a,6,4.54
Figaro : journal non politique,1938,p,17,3.675
Figaro : journal non politique,1938,color,19,2.124
Figaro : journal non politique,1938,slategray,18,2.046
Figaro : journal non politique,1938,span,35,2.005
Figaro : journal non politique,1938,style,16,1.876
Figaro : journal non politique,1939,lecoin,3,18.68
Figaro : journal non politique,1939,brigade,5,12.812
Figaro : journal non politique,1939,communistes,3,10.676
Figaro : journal non politique,1939,plus,5,6.056
Figaro : journal non politique,1939,p,26,4.226
Figaro : journal non politique,1939,a,5,4.214
Figaro : journal non politique,1939,color,14,1.621
Figaro : journal non politique,1939,style,14,1.62
Figaro : journal non politique,1939,slategray,13,1.514
Figaro : journal non politique,1939,span,25,1.457
Figaro : journal non politique,1940,p,3,3.205
Figaro : journal non politique,1940,slategray,4,1.908
Figaro : journal non politique,1940,color,3,1.493
Figaro : journal non politique,1940,span,5,1.23
L'Action française,1908,libertad,3,15.856
L'Action française,1908,milieux,3,8.742
L'Action française,1908,socialistes,4,7.632
L'Action française,1908,esprit,3,6.766
L'Action française,1908,ancien,3,6.664
L'Action française,1908,cet,3,5.629
L'Action française,1908,moins,3,5.512
L'Action française,1908,dont,4,4.852
L'Action française,1908,très,3,4.722
L'Action française,1908,color,366,3.947
L'Action française,1909,dogme,4,11.313
L'Action française,1909,espa,3,10.983
L'Action française,1909,blancs,10,10.37
L'Action française,1909,anarchiste,3,10.152
L'Action française,1909,juif,3,9.11
L'Action française,1909,révolutionnaires,4,8.832
L'Action française,1909,espagnol,4,8.784
L'Action française,1909,agitation,3,8.768
L'Action française,1909,idées,3,7.207
L'Action française,1909,socialistes,3,6.385
L'Action française,1910,font,3,7.28
L'Action française,1910,cet,3,5.752
L'Action française,1910,style,380,4.124
L'Action française,1910,color,380,4.124
L'Action française,1910,comme,3,4.124
L'Action française,1910,slategray,357,4.034
L'Action française,1910,span,644,3.885
L'Action française,1910,plus,3,3.06
L'Action française,1910,a,4,1.633
L'Action française,1911,hervé,3,10.241
L'Action française,1911,style,416,4.149
L'Action française,1911,color,416,4.149
L'Action française,1911,slategray,379,4.015
L'Action française,1911,span,719,3.939
L'Action française,1911,plus,3,2.955
L'Action française,1911,p,13,0.861
L'Action française,1912,ordonne,4,11.273
L'Action française,1912,convaincu,4,9.746
L'Action française,1912,soldat,9,9.278
L'Action française,1912,connu,3,7.514
L'Action française,1912,mouvement,4,6.848
L'Action française,1912,socialistes,3,6.426
L'Action française,1912,cet,5,5.575
L'Action française,1912,chez,3,4.945
L'Action française,1912,comme,6,4.21
L'Action française,1912,style,724,4.14
L'Action française,1913,fromentin,4,13.346
L'Action française,1913,impie,4,13.018
L'Action française,1913,internatio,3,11.856
L'Action française,1913,menées,4,11.153
L'Action française,1913,bandits,5,10.769
L'Action française,1913,nal,5,10.688
L'Action française,1913,réveil,3,10.3
L'Action française,1913,communiste,7,8.483
L'Action française,1913,milieux,3,8.224
L'Action française,1913,socialistes,3,6.698
L'Action française,1914,russes,8,10.23
L'Action française,1914,style,273,4.194
L'Action française,1914,color,272,4.189
L'Action française,1914,slategray,253,4.084
L'Action française,1914,span,463,3.956
L'Action française,1914,a,4,2.18
L'Action française,1914,p,5,0.135
L'Action française,1915,droite,4,9.222
L'Action française,1915,color,176,4.127
L'Action française,1915,style,175,4.118
L'Action française,1915,slategray,171,4.085
L'Action française,1915,span,310,3.944
L'Action française,1916,voleur,4,12.213
L'Action française,1916,color,195,4.105
L'Action française,1916,style,192,4.082
L'Action française,1916,slategray,173,3.932
L'Action française,1916,span,322,3.828
L'Action française,1917,color,168,4.145
L'Action française,1917,style,163,4.102
L'Action française,1917,slategray,159,4.066
L'Action française,1917,span,279,3.877
L'Action française,1917,p,4,0.465
L'Action française,1918,vandamme,4,16.44
L'Action française,1918,color,307,4.099
L'Action française,1918,style,296,4.046
L'Action française,1918,slategray,294,4.036
L'Action française,1918,span,527,3.878
L'Action française,1919,anti,3,10.814
L'Action française,1919,propagande,7,9.237
L'Action française,1919,socialistes,3,7.453
L'Action française,1919,tout,3,4.089
L'Action française,1919,color,325,4.012
L'Action française,1919,style,315,3.966
L'Action française,1919,slategray,303,3.911
L'Action française,1919,span,558,3.792
L'Action française,1919,i,3,2.88
L'Action française,1919,a,4,1.746
L'Action française,1920,propagande,3,8.349
L'Action française,1920,ni,3,6.171
L'Action française,1920,color,277,4.115
L'Action française,1920,style,273,4.094
L'Action française,1920,slategray,262,4.035
L'Action française,1920,span,475,3.893
L'Action française,1920,a,4,2.08
L'Action française,1921,sacco,3,13.722
L'Action française,1921,menées,4,12.199
L'Action française,1921,propagande,3,8.306
L'Action française,1921,ni,3,6.128
L'Action française,1921,deux,3,4.662
L'Action française,1921,color,294,4.158
L'Action française,1921,style,288,4.128
L'Action française,1921,slategray,275,4.062
L'Action française,1921,span,497,3.916
L'Action française,1921,a,3,1.622
L'Action française,1922,propagande,4,8.747
L'Action française,1922,union,4,7.763
L'Action française,1922,color,283,4.129
L'Action française,1922,style,282,4.123
L'Action française,1922,slategray,263,4.023
L'Action française,1922,span,499,3.947
L'Action française,1922,a,8,3.063
L'Action française,1922,p,4,-0.304
L'Action française,1923,gohary,13,16.726
L'Action française,1923,gruffy,10,16.119
L'Action française,1923,taupin,5,14.12
L'Action française,1923,libertaire,10,13.248
L'Action française,1923,flaoutter,4,12.219
L'Action française,1923,bonnot,3,12.093
L'Action française,1923,indicateur,5,12.076
L'Action française,1923,berton,8,12.066
L'Action française,1923,torrès,5,12.059
L'Action française,1923,écume,3,11.794
L'Action française,1924,gruffy,11,16.789
L'Action française,1924,colomer,4,14.749
L'Action française,1924,indicateurs,11,14.735
L'Action française,1924,taupin,3,13.915
L'Action française,1924,libertaire,10,13.781
L'Action française,1924,indicateur,7,13.094
L'Action française,1924,censé,3,12.919
L'Action française,1924,policière,6,12.606
L'Action française,1924,berton,7,12.406
L'Action française,1924,pagande,3,12.078
L'Action française,1925,gruffy,4,15.217
L'Action française,1925,flaoutter,18,14.809
L'Action française,1925,colomer,3,14.221
L'Action française,1925,libertaire,6,12.931
L'Action française,1925,indicateur,5,12.496
L'Action française,1925,surveillé,3,12.226
L'Action française,1925,libraire,5,11.887
L'Action française,1925,signalement,4,11.299
L'Action française,1925,vidal,6,10.944
L'Action française,1925,policier,4,10.517
L'Action française,1926,libertaire,5,14.402
L'Action française,1926,philippe,5,10.212
L'Action française,1926,milieux,3,9.287
L'Action française,1926,voulait,3,9.132
L'Action française,1926,italiens,3,9.023
L'Action française,1926,jeune,8,8.372
L'Action française,1926,com,3,7.49
L'Action française,1926,ni,3,6.145
L'Action française,1926,color,230,3.821
L'Action française,1926,style,226,3.795
L'Action française,1927,lecoin,6,17.147
L'Action française,1927,vanzetti,5,13.977
L'Action française,1927,indicateurs,3,13.787
L'Action française,1927,sacco,4,13.459
L'Action française,1927,tuent,3,12.442
L'Action française,1927,vidal,8,12.398
L'Action française,1927,fable,3,12.117
L'Action française,1927,italiens,16,10.743
L'Action française,1927,royalistes,5,10.647
L'Action française,1927,espagnols,5,10.252
L'Action française,1928,italiens,3,9.729
L'Action française,1928,daudet,3,9.468
L'Action française,1928,deux,5,6.121
L'Action française,1928,color,138,3.79
L'Action française,1928,style,136,3.769
L'Action française,1928,slategray,128,3.681
L'Action française,1928,span,236,3.564
L'Action française,1928,a,4,2.76
L'Action française,1929,milieux,4,10.602
L'Action française,1929,propagande,3,9.223
L'Action française,1929,jeune,6,8.857
L'Action française,1929,color,143,4.036
L'Action française,1929,style,138,3.984
L'Action française,1929,slategray,134,3.942
L'Action française,1929,span,240,3.783
L'Action française,1929,p,8,1.588
L'Action française,1930,jeune,5,8.241
L'Action française,1930,comme,3,5.093
L'Action française,1930,style,176,3.982
L'Action française,1930,color,172,3.949
L'Action française,1930,slategray,169,3.923
L'Action française,1930,span,291,3.707
L'Action française,1930,a,3,2.186
L'Action française,1931,gruffy,3,16.729
L'Action française,1931,savaient,5,13.054
L'Action française,1931,dangereux,6,11.393
L'Action française,1931,ancienne,3,9.645
L'Action française,1931,jeune,6,8.15
L'Action française,1931,dit,3,5.534
L'Action française,1931,color,216,3.923
L'Action française,1931,style,208,3.868
L'Action française,1931,slategray,202,3.826
L'Action française,1931,span,358,3.652
L'Action française,1932,communistes,4,10.091
L'Action française,1932,com,3,8.328
L'Action française,1932,style,113,3.633
L'Action française,1932,color,109,3.581
L'Action française,1932,slategray,105,3.527
L'Action française,1932,span,187,3.36
L'Action française,1932,a,3,2.477
L'Action française,1933,dévôt,3,20.425
L'Action française,1933,communistes,3,9.772
L'Action française,1933,mouvement,3,8.701
L'Action française,1933,tous,3,5.638
L'Action française,1933,a,6,3.572
L'Action française,1933,color,88,3.368
L'Action française,1933,slategray,84,3.301
L'Action française,1933,style,84,3.3
L'Action française,1933,span,150,3.137
L'Action française,1934,syndicalistes,3,12.862
L'Action française,1934,dangereux,3,10.993
L'Action française,1934,philippe,3,10.267
L'Action française,1934,jeune,10,9.486
L'Action française,1934,socialistes,4,8.969
L'Action française,1934,union,3,8.132
L'Action française,1934,socialiste,3,7.615
L'Action française,1934,parti,3,6.94
L'Action française,1934,où,3,5.644
L'Action française,1934,comme,3,5.338
L'Action française,1935,propagande,3,9.693
L'Action française,1935,dont,3,6.351
L'Action française,1935,slategray,63,3.323
L'Action française,1935,color,62,3.3
L'Action française,1935,style,56,3.153
L'Action française,1935,span,105,3.06
L'Action française,1935,a,3,3.009
L'Action française,1936,marxis,4,17.017
L'Action française,1936,communo,3,16.664
L'Action française,1936,ibérique,17,16.611
L'Action française,1936,trotskystes,3,15.494
L'Action française,1936,catalans,11,14.66
L'Action française,1936,pagnols,3,14.626
L'Action française,1936,marxistes,11,14.309
L'Action française,1936,socialo,4,14.294
L'Action française,1936,basques,8,13.432
L'Action française,1936,munistes,5,13.369
L'Action française,1937,trotskystes,4,15.807
L'Action française,1937,celone,3,14.713
L'Action française,1937,ibérique,4,14.421
L'Action française,1937,trotskistes,3,13.751
L'Action française,1937,cata,4,13.481
L'Action française,1937,munistes,4,12.944
L'Action française,1937,miliciens,6,12.654
L'Action française,1937,catalogne,5,11.811
L'Action française,1937,attentats,5,11.13
L'Action française,1937,syndicalistes,4,10.967
L'Action française,1938,ibérique,4,16.331
L'Action française,1938,espa,4,13.167
L'Action française,1938,espagnols,4,11.017
L'Action française,1938,barcelone,3,10.896
L'Action française,1938,bande,4,10.54
L'Action française,1938,révolutionnaires,3,10.186
L'Action française,1938,italien,5,9.881
L'Action française,1938,communistes,3,9.231
L'Action française,1938,fédération,4,8.835
L'Action française,1938,communiste,3,8.716
L'Action française,1939,ibérique,5,16.322
L'Action française,1939,espa,3,12.421
L'Action française,1939,espagnols,10,12.008
L'Action française,1939,brigade,4,10.714
L'Action française,1939,barcelone,3,10.565
L'Action française,1939,juifs,3,10.302
L'Action française,1939,communistes,5,9.637
L'Action française,1939,propagande,5,9.121
L'Action française,1939,communiste,3,8.385
L'Action française,1939,fédération,3,8.089
L'Action française,1940,style,38,3.616
L'Action française,1940,color,38,3.616
L'Action française,1940,slategray,36,3.538
L'Action française,1940,span,59,3.25
L'Aurore,1897,ment,3,8.579
L'Aurore,1897,comme,3,6.446
L'Aurore,1897,p,16,3.588
L'Aurore,1897,color,12,1.461
L'Aurore,1897,slategray,12,1.461
L'Aurore,1897,style,10,1.198
L'Aurore,1897,span,19,1.124
L'Aurore,1898,sebastien,8,16.242
L'Aurore,1898,etiévant,7,16.164
L'Aurore,1898,moineau,3,12.821
L'Aurore,1898,attentats,11,12.396
L'Aurore,1898,menées,8,11.827
L'Aurore,1898,attentat,17,11.323
L'Aurore,1898,bombe,4,10.727
L'Aurore,1898,socia,4,10.451
L'Aurore,1898,compagnon,4,10.341
L'Aurore,1898,complot,5,10.179
L'Aurore,1899,suspect,3,12.238
L'Aurore,1899,lea,3,10.149
L'Aurore,1899,candidat,4,9.912
L'Aurore,1899,républicains,4,9.695
L'Aurore,1899,révolutionnaire,3,9.449
L'Aurore,1899,condamné,4,9.44
L'Aurore,1899,idée,6,9.148
L'Aurore,1899,socialistes,4,8.283
L'Aurore,1899,années,3,7.799
L'Aurore,1899,quelque,3,7.182
L'Aurore,1900,libertaire,3,12.954
L'Aurore,1900,prétendus,4,12.439
L'Aurore,1900,extradition,3,12.388
L'Aurore,1900,complot,5,10.857
L'Aurore,1900,communisme,4,10.815
L'Aurore,1900,lea,8,10.746
L'Aurore,1900,citoyens,5,9.311
L'Aurore,1900,républicains,4,8.877
L'Aurore,1900,vis,5,8.86
L'Aurore,1900,italiens,3,8.312
L'Aurore,1901,spadoni,3,17.116
L'Aurore,1901,catalanistes,3,16.125
L'Aurore,1901,most,5,15.874
L'Aurore,1901,broutchoux,3,14.932
L'Aurore,1901,johann,4,14.027
L'Aurore,1901,collectivistes,3,12.473
L'Aurore,1901,buffalo,3,11.765
L'Aurore,1901,déroulède,4,11.204
L'Aurore,1901,chicago,6,11.191
L'Aurore,1901,complot,7,10.551
L'Aurore,1902,pulgar,3,19.778
L'Aurore,1902,libertaires,3,13.622
L'Aurore,1902,complot,18,12.261
L'Aurore,1902,flambeau,3,12.246
L'Aurore,1902,pseudo,4,12.053
L'Aurore,1902,menées,6,11.646
L'Aurore,1902,expulsé,3,11.593
L'Aurore,1902,barcelone,13,11.464
L'Aurore,1902,suspects,3,11.22
L'Aurore,1902,brochures,4,10.793
L'Aurore,1903,barcelone,11,11.694
L'Aurore,1903,expulsion,4,11.082
L'Aurore,1903,attentat,3,9.525
L'Aurore,1903,madrid,6,9.303
L'Aurore,1903,révolutionnaire,4,9.073
L'Aurore,1903,socialisme,3,8.801
L'Aurore,1903,propagande,6,8.638
L'Aurore,1903,publié,3,8.615
L'Aurore,1903,autorités,3,8.505
L'Aurore,1903,groupes,3,8.329
L'Aurore,1904,lambin,6,16.884
L'Aurore,1904,philipp,5,15.802
L'Aurore,1904,boutet,3,14.433
L'Aurore,1904,attentats,5,12.606
L'Aurore,1904,théories,4,11.949
L'Aurore,1904,menées,3,11.759
L'Aurore,1904,attentat,9,11.752
L'Aurore,1904,liège,3,11.594
L'Aurore,1904,barcelone,4,10.876
L'Aurore,1904,complot,3,10.789
L'Aurore,1905,vallina,3,16.426
L'Aurore,1905,prats,4,16.347
L'Aurore,1905,malato,3,13.648
L'Aurore,1905,soupçonné,3,12.652
L'Aurore,1905,attentat,11,11.476
L'Aurore,1905,menées,3,11.193
L'Aurore,1905,espagnols,7,10.825
L'Aurore,1905,barcelone,5,10.633
L'Aurore,1905,espagnol,7,10.359
L'Aurore,1905,connus,3,9.859
L'Aurore,1906,cirillo,3,18.389
L'Aurore,1906,menées,5,11.796
L'Aurore,1906,complot,5,10.826
L'Aurore,1906,confédération,4,10.554
L'Aurore,1906,attentat,6,10.467
L'Aurore,1906,bombes,3,10.102
L'Aurore,1906,arrestations,3,9.91
L'Aurore,1906,dangereux,4,9.873
L'Aurore,1906,arrestation,4,9.391
L'Aurore,1906,bande,3,8.991
L'Aurore,1907,laussinotte,3,19.02
L'Aurore,1907,menées,7,12.654
L'Aurore,1907,attentat,4,10.255
L'Aurore,1907,crimes,3,10.084
L'Aurore,1907,constaté,3,9.976
L'Aurore,1907,doctrine,3,9.337
L'Aurore,1907,commun,3,8.425
L'Aurore,1907,congrès,8,8.359
L'Aurore,1907,idées,3,8.214
L'Aurore,1907,socialistes,5,8.129
L'Aurore,1908,broutchoux,3,15.987
L'Aurore,1908,fabriquer,3,11.958
L'Aurore,1908,brochures,4,11.501
L'Aurore,1908,attentats,3,11.464
L'Aurore,1908,complot,6,11.384
L'Aurore,1908,menées,3,11.354
L'Aurore,1908,attentat,5,10.499
L'Aurore,1908,connus,4,10.435
L'Aurore,1908,arrestations,3,10.205
L'Aurore,1908,hongrois,3,9.861
L'Aurore,1909,volutionnaires,3,14.962
L'Aurore,1909,ferrer,8,13.256
L'Aurore,1909,attentats,10,13.176
L'Aurore,1909,syndicalistes,5,12.334
L'Aurore,1909,menées,6,12.329
L'Aurore,1909,lisme,3,12.211
L'Aurore,1909,francisco,3,12.12
L'Aurore,1909,syndicalisme,5,12.082
L'Aurore,1909,aires,3,11.151
L'Aurore,1909,attentat,6,10.737
L'Aurore,1910,volutionnaires,3,14.994
L'Aurore,1910,saboteurs,4,14.375
L'Aurore,1910,antimilitaristes,5,13.957
L'Aurore,1910,sabotage,5,12.301
L'Aurore,1910,révolu,3,11.85
L'Aurore,1910,syndicalistes,3,11.629
L'Aurore,1910,complot,6,11.391
L'Aurore,1910,bombe,3,11.26
L'Aurore,1910,brigade,7,11.019
L'Aurore,1910,révolutionnaires,7,10.575
L'Aurore,1911,broutchoux,3,15.451
L'Aurore,1911,volutionnaires,3,14.451
L'Aurore,1911,syndicalistes,6,12.086
L'Aurore,1911,antimilitariste,3,12.066
L'Aurore,1911,brochures,7,11.772
L'Aurore,1911,tionnaires,3,11.768
L'Aurore,1911,militant,5,11.408
L'Aurore,1911,révolu,3,11.308
L'Aurore,1911,menées,4,11.233
L'Aurore,1911,sabotage,3,11.022
L'Aurore,1912,soudy,8,16.236
L'Aurore,1912,dalba,4,16.225
L'Aurore,1912,carouy,7,15.753
L'Aurore,1912,callemin,3,15.19
L'Aurore,1912,bonnot,8,14.166
L'Aurore,1912,bandits,69,14.122
L'Aurore,1912,drioux,4,13.564
L'Aurore,1912,assassina,3,12.9
L'Aurore,1912,antimilitaristes,4,12.579
L'Aurore,1912,dange,3,12.512
L'Aurore,1913,pratz,10,19.114
L'Aurore,1913,débrouil,5,17.699
L'Aurore,1913,nourry,7,16.565
L'Aurore,1913,antimi,3,16.039
L'Aurore,1913,tantinet,5,15.351
L'Aurore,1913,narquoise,4,15.177
L'Aurore,1913,berthe,24,13.437
L'Aurore,1913,lacombe,7,13.32
L'Aurore,1913,bandits,15,12.098
L'Aurore,1913,eli,4,11.974
L'Aurore,1914,malatesta,4,18.22
L'Aurore,1914,nourry,3,17.409
L'Aurore,1914,bombes,6,12.593
L'Aurore,1914,porteurs,4,11.95
L'Aurore,1914,compagnons,3,11.568
L'Aurore,1914,bande,4,10.896
L'Aurore,1914,russes,7,10.66
L'Aurore,1914,milieux,4,10.45
L'Aurore,1914,russe,4,9.295
L'Aurore,1914,congrès,3,8.061
L'Humanité,1904,artal,3,21.074
L'Humanité,1904,philipp,4,15.961
L'Humanité,1904,menées,3,12.239
L'Humanité,1904,anatole,3,12.043
L'Humanité,1904,théories,3,12.014
L'Humanité,1904,barcelone,3,10.942
L'Humanité,1904,propagande,6,9.761
L'Humanité,1904,socialistes,5,8.936
L'Humanité,1904,actes,3,8.838
L'Humanité,1904,lois,3,8.837
L'Humanité,1905,carlyle,6,16.207
L'Humanité,1905,libertaires,6,14.747
L'Humanité,1905,basch,6,14.652
L'Humanité,1905,individualisme,9,14.401
L'Humanité,1905,menées,13,12.887
L'Humanité,1905,attentats,6,11.881
L'Humanité,1905,espagnols,14,11.403
L'Humanité,1905,détention,3,11.327
L'Humanité,1905,perquisitions,3,10.878
L'Humanité,1905,brochures,3,10.503
L'Humanité,1906,morral,4,17.137
L'Humanité,1906,libertaires,5,14.459
L'Humanité,1906,menées,16,13.161
L'Humanité,1906,syndicalistes,3,11.014
L'Humanité,1906,complot,4,10.191
L'Humanité,1906,réflexions,3,10.159
L'Humanité,1906,arrestations,4,10.012
L'Humanité,1906,dangereux,5,9.882
L'Humanité,1906,surveillance,4,9.763
L'Humanité,1906,révolutionnaires,4,9.154
L'Humanité,1907,ferrer,6,12.201
L'Humanité,1907,menées,8,12.104
L'Humanité,1907,syndicalistes,5,11.695
L'Humanité,1907,confédération,6,10.769
L'Humanité,1907,affirmations,3,10.727
L'Humanité,1907,littéraires,3,10.483
L'Humanité,1907,brochures,3,10.421
L'Humanité,1907,doctrines,3,10.061
L'Humanité,1907,formes,6,10.045
L'Humanité,1907,accusés,3,9.709
L'Humanité,1908,hervéo,4,22.962
L'Humanité,1908,plekhanoff,4,18.262
L'Humanité,1908,hervéistes,3,16.801
L'Humanité,1908,antiparlementaire,3,15.165
L'Humanité,1908,antipatriotes,3,14.877
L'Humanité,1908,antipatriotique,3,14.778
L'Humanité,1908,syndicalisme,4,11.302
L'Humanité,1908,syndicalistes,3,11.14
L'Humanité,1908,attentats,3,10.981
L'Humanité,1908,rompre,3,10.459
L'Humanité,1909,saboteurs,3,13.679
L'Humanité,1909,ferrer,5,12.328
L'Humanité,1909,syndicalisme,3,11.096
L'Humanité,1909,révolutionnaires,8,10.487
L'Humanité,1909,dangereux,4,9.894
L'Humanité,1909,procédés,3,9.657
L'Humanité,1909,groupes,7,9.514
L'Humanité,1909,orateurs,4,9.336
L'Humanité,1909,blancs,3,9.287
L'Humanité,1909,républicains,5,9.188
L'Humanité,1910,saboteurs,3,14.435
L'Humanité,1910,goude,3,14.256
L'Humanité,1910,psychologie,6,13.308
L'Humanité,1910,syndicalistes,4,12.519
L'Humanité,1910,attentats,4,12.361
L'Humanité,1910,complot,5,11.603
L'Humanité,1910,barcelone,3,10.538
L'Humanité,1910,brigade,3,10.272
L'Humanité,1910,socialisme,5,10.258
L'Humanité,1910,socialistes,9,9.381
L'Humanité,1911,menées,7,12.743
L'Humanité,1911,militant,3,11.374
L'Humanité,1911,complot,3,10.551
L'Humanité,1911,propagande,5,8.78
L'Humanité,1911,connu,3,8.569
L'Humanité,1911,socialistes,5,8.218
L'Humanité,1911,certains,3,7.512
L'Humanité,1911,ni,5,6.602
L'Humanité,1911,socialiste,3,6.542
L'Humanité,1911,loi,3,6.186
L'Humanité,1912,menées,5,12.078
L'Humanité,1912,théorie,3,10.567
L'Humanité,1912,brigade,4,10.193
L'Humanité,1912,opinions,3,10.028
L'Humanité,1912,milieux,4,9.242
L'Humanité,1912,connu,3,8.39
L'Humanité,1912,socialistes,6,8.302
L'Humanité,1912,propagande,4,8.279
L'Humanité,1912,communiste,3,7.864
L'Humanité,1912,journaux,4,7.551
L'Humanité,1913,nourry,3,16.183
L'Humanité,1913,syndicalistes,5,12.328
L'Humanité,1913,menées,4,11.738
L'Humanité,1913,brochures,4,11.47
L'Humanité,1913,militant,3,11.176
L'Humanité,1913,réveil,3,10.885
L'Humanité,1913,communiste,10,9.582
L'Humanité,1913,milieux,4,9.224
L'Humanité,1913,pur,3,8.852
L'Humanité,1913,propagande,6,8.845
L'Humanité,1914,russe,4,9.895
L'Humanité,1914,toujours,3,7.707
L'Humanité,1914,contre,3,6.436
L'Humanité,1914,comme,3,5.894
L'Humanité,1914,p,24,3.62
L'Humanité,1914,style,39,2.609
L'Humanité,1914,span,77,2.59
L'Humanité,1914,slategray,37,2.533
L'Humanité,1914,color,35,2.453
L'Humanité,1915,vieil,3,12.686
L'Humanité,1915,russes,8,12.037
L'Humanité,1915,débats,3,11.455
L'Humanité,1915,procès,5,11.099
L'Humanité,1915,p,19,3.868
L'Humanité,1915,color,36,3.078
L'Humanité,1915,slategray,35,3.038
L'Humanité,1915,style,35,3.037
L'Humanité,1915,span,66,2.953
L'Humanité,1916,a,4,4.402
L'Humanité,1916,color,31,3.278
L'Humanité,1916,style,29,3.181
L'Humanité,1916,slategray,28,3.131
L'Humanité,1916,span,51,2.996
L'Humanité,1916,p,7,2.843
L'Humanité,1917,socialisme,3,11.15
L'Humanité,1917,contre,3,6.752
L'Humanité,1917,p,16,3.352
L'Humanité,1917,a,3,3.304
L'Humanité,1917,slategray,48,3.225
L'Humanité,1917,style,48,3.225
L'Humanité,1917,color,46,3.163
L'Humanité,1917,span,86,3.066
L'Humanité,1918,syndicalistes,4,13.789
L'Humanité,1918,militant,3,12.959
L'Humanité,1918,mouvement,4,9.488
L'Humanité,1918,socialistes,3,9.066
L'Humanité,1918,quelques,3,7.15
L'Humanité,1918,tout,3,5.702
L'Humanité,1918,p,17,3.08
L'Humanité,1918,a,3,2.944
L'Humanité,1918,style,46,2.804
L'Humanité,1918,color,44,2.74
L'Humanité,1919,bolcheviks,3,12.993
L'Humanité,1919,menées,3,12.718
L'Humanité,1919,dangereux,3,11.117
L'Humanité,1919,socialistes,6,9.678
L'Humanité,1919,crime,3,9.492
L'Humanité,1919,liste,3,9.241
L'Humanité,1919,voix,4,8.329
L'Humanité,1919,ancien,3,8.125
L'Humanité,1919,ni,6,8.062
L'Humanité,1919,content,3,6.479
L'Humanité,1920,syndicalistes,11,13.622
L'Humanité,1920,menées,12,13.479
L'Humanité,1920,inculpation,4,11.935
L'Humanité,1920,bolcheviks,3,11.754
L'Humanité,1920,militant,4,11.747
L'Humanité,1920,complot,6,11.509
L'Humanité,1920,communistes,12,10.517
L'Humanité,1920,groupements,3,10.375
L'Humanité,1920,militants,5,10.324
L'Humanité,1920,fédération,17,10.208
L'Humanité,1921,meillour,3,17.723
L'Humanité,1921,lecoin,5,16.074
L'Humanité,1921,boudoux,3,15.714
L'Humanité,1921,sirolle,3,15.327
L'Humanité,1921,individualistes,3,14.798
L'Humanité,1921,menées,62,14.665
L'Humanité,1921,kropotkine,3,14.631
L'Humanité,1921,syndicalistes,40,14.301
L'Humanité,1921,inculper,4,14.072
L'Humanité,1921,scélérates,3,12.659
L'Humanité,1922,borghi,3,16.261
L'Humanité,1922,loréal,3,16.113
L'Humanité,1922,syndicalistes,61,14.733
L'Humanité,1922,nova,5,14.334
L'Humanité,1922,colomer,3,14.274
L'Humanité,1922,bouvet,6,13.429
L'Humanité,1922,menées,13,12.235
L'Humanité,1922,syndicaliste,9,12.145
L'Humanité,1922,libertaire,3,11.984
L'Humanité,1922,baïonnettes,3,11.857
L'Humanité,1923,plekhanov,3,16.317
L'Humanité,1923,résistants,6,14.639
L'Humanité,1923,anarcho,3,14.607
L'Humanité,1923,syndicalistes,24,13.717
L'Humanité,1923,libertaire,4,12.728
L'Humanité,1923,menées,14,12.671
L'Humanité,1923,sépara,3,12.38
L'Humanité,1923,syndicaliste,8,12.304
L'Humanité,1923,réformistes,10,12.249
L'Humanité,1923,purs,6,11.971
L'Humanité,1924,bonomini,3,16.382
L'Humanité,1924,coinmunistes,3,16.133
L'Humanité,1924,individualistes,5,14.899
L'Humanité,1924,anarcho,4,14.234
L'Humanité,1924,libertaire,15,13.846
L'Humanité,1924,colomer,3,13.815
L'Humanité,1924,résistants,4,13.266
L'Humanité,1924,syndicalistes,27,13.098
L'Humanité,1924,réformistes,26,12.839
L'Humanité,1924,phraséologie,3,12.821
L'Humanité,1925,qualification,6,14.549
L'Humanité,1925,menées,20,13.555
L'Humanité,1925,flaoutter,4,13.391
L'Humanité,1925,autonomes,4,13.024
L'Humanité,1925,désobéissance,4,12.982
L'Humanité,1925,libertaire,3,12.683
L'Humanité,1925,inculpation,9,12.444
L'Humanité,1925,syndicalistes,6,12.086
L'Humanité,1925,appartenu,3,11.69
L'Humanité,1925,carton,5,11.67
L'Humanité,1926,piqueray,3,22.218
L'Humanité,1926,duretti,3,21.218
L'Humanité,1926,claudel,3,13.336
L'Humanité,1926,syndicalistes,7,13.033
L'Humanité,1926,menées,8,12.957
L'Humanité,1926,rallié,3,12.909
L'Humanité,1926,réformistes,4,12.021
L'Humanité,1926,communistes,24,11.58
L'Humanité,1926,détenus,3,11.44
L'Humanité,1926,militant,3,11.395
L'Humanité,1927,durutti,3,17.695
L'Humanité,1927,ascaso,3,16.974
L'Humanité,1927,colomer,7,16.079
L'Humanité,1927,textuel,3,14.784
L'Humanité,1927,qualification,7,14.654
L'Humanité,1927,sacco,7,13.862
L'Humanité,1927,vanzetti,3,12.836
L'Humanité,1927,menées,12,12.701
L'Humanité,1927,sic,10,12.308
L'Humanité,1927,inculpation,7,11.964
L'Humanité,1928,qualificatif,3,15.0
L'Humanité,1928,sic,6,12.697
L'Humanité,1928,bailly,3,12.585
L'Humanité,1928,contradiction,7,12.58
L'Humanité,1928,propagande,42,12.156
L'Humanité,1928,but,26,11.099
L'Humanité,1928,fascistes,4,10.59
L'Humanité,1928,communistes,4,9.28
L'Humanité,1928,radicaux,3,9.263
L'Humanité,1928,condamné,3,8.944
L'Humanité,1929,menées,6,13.193
L'Humanité,1929,propagande,25,11.774
L'Humanité,1929,but,16,10.764
L'Humanité,1929,socialistes,8,9.569
L'Humanité,1929,crime,3,8.968
L'Humanité,1929,ancien,3,7.601
L'Humanité,1929,cet,3,6.566
L'Humanité,1929,contre,4,5.895
L'Humanité,1929,style,146,3.557
L'Humanité,1929,slategray,145,3.548
L'Humanité,1930,propagande,11,10.835
L'Humanité,1930,but,5,9.331
L'Humanité,1930,autres,3,6.484
L'Humanité,1930,style,122,3.543
L'Humanité,1930,color,119,3.508
L'Humanité,1930,slategray,118,3.496
L'Humanité,1930,span,220,3.394
L'Humanité,1930,p,26,3.025
L'Humanité,1930,a,3,2.277
L'Humanité,1931,ghezzi,4,19.197
L'Humanité,1931,militante,3,13.201
L'Humanité,1931,leaders,5,12.83
L'Humanité,1931,réformiste,3,12.492
L'Humanité,1931,chefs,29,10.886
L'Humanité,1931,barcelone,3,9.924
L'Humanité,1931,espagnols,3,9.631
L'Humanité,1931,socialistes,16,9.597
L'Humanité,1931,orateurs,4,9.478
L'Humanité,1931,propagande,8,9.159
L'Humanité,1932,militant,5,12.564
L'Humanité,1932,menées,3,11.974
L'Humanité,1932,communistes,9,10.597
L'Humanité,1932,socialistes,14,10.157
L'Humanité,1932,révolutionnaires,3,9.966
L'Humanité,1932,propagande,7,9.719
L'Humanité,1932,travailleurs,5,8.941
L'Humanité,1932,chefs,4,8.781
L'Humanité,1932,ouvriers,8,8.343
L'Humanité,1932,mouvement,3,7.942
L'Humanité,1933,ibérique,3,14.927
L'Humanité,1933,putsch,4,14.553
L'Humanité,1933,tronchet,3,12.499
L'Humanité,1933,leaders,4,12.491
L'Humanité,1933,réformistes,5,12.005
L'Humanité,1933,tactique,8,11.516
L'Humanité,1933,politiciens,3,10.681
L'Humanité,1933,communistes,16,10.657
L'Humanité,1933,socialistes,24,10.165
L'Humanité,1933,chefs,15,9.918
L'Humanité,1934,ibérique,9,16.033
L'Humanité,1934,floréal,4,14.227
L'Humanité,1934,trotskistes,3,14.193
L'Humanité,1934,inorganisés,3,13.625
L'Humanité,1934,catalan,6,13.566
L'Humanité,1934,catalans,4,13.54
L'Humanité,1934,lerroux,4,13.468
L'Humanité,1934,syndicalistes,10,12.731
L'Humanité,1934,asturies,4,12.533
L'Humanité,1934,leaders,4,12.012
L'Humanité,1935,ibérique,3,15.408
L'Humanité,1935,menées,5,12.422
L'Humanité,1935,réformistes,3,11.749
L'Humanité,1935,propagande,31,11.577
L'Humanité,1935,théories,3,11.46
L'Humanité,1935,guyot,3,11.361
L'Humanité,1935,communistes,16,11.138
L'Humanité,1935,trahison,4,10.645
L'Humanité,1935,espagnols,4,10.509
L'Humanité,1935,but,14,10.064
L'Humanité,1936,ibérique,8,16.947
L'Humanité,1936,syndicalistes,3,12.078
L'Humanité,1936,communistes,22,11.722
L'Humanité,1936,tendances,3,10.831
L'Humanité,1936,espagnols,4,10.634
L'Humanité,1936,socialistes,15,10.092
L'Humanité,1936,tendance,3,9.929
L'Humanité,1936,républicains,5,9.918
L'Humanité,1936,fédération,11,9.911
L'Humanité,1936,éléments,4,9.888
L'Humanité,1937,trotskistes,5,15.963
L'Humanité,1937,catalans,4,14.573
L'Humanité,1937,engels,3,14.23
L'Humanité,1937,catalogne,4,12.964
L'Humanité,1937,communistes,20,11.533
L'Humanité,1937,barcelone,5,11.198
L'Humanité,1937,espagnols,4,10.583
L'Humanité,1937,républicains,8,10.545
L'Humanité,1937,bataillon,3,10.141
L'Humanité,1937,socialistes,16,10.134
L'Humanité,1938,ibérique,3,16.594
L'Humanité,1938,boukharine,3,16.26
L'Humanité,1938,costa,4,13.89
L'Humanité,1938,communistes,11,11.783
L'Humanité,1938,espagnols,4,11.695
L'Humanité,1938,républicains,6,11.243
L'Humanité,1938,socialistes,9,10.417
L'Humanité,1938,jeunesse,4,10.005
L'Humanité,1938,communiste,3,9.394
L'Humanité,1938,fédération,3,9.098
L'Humanité,1939,communistes,8,12.22
L'Humanité,1939,républicains,5,11.876
L'Humanité,1939,socialistes,9,11.312
L'Humanité,1939,cette,3,6.031
L'Humanité,1939,a,4,4.02
L'Humanité,1939,p,11,3.113
L'Humanité,1939,style,25,2.585
L'Humanité,1939,color,23,2.465
L'Humanité,1939,slategray,23,2.465
L'Humanité,1939,span,44,2.401
La Croix,1883,anarchiste,4,12.088
La Croix,1883,anarchistes,4,11.711
La Croix,1883,réunions,9,11.03
La Croix,1883,drapeau,4,10.094
La Croix,1883,lyon,8,9.512
La Croix,1883,organe,4,9.44
La Croix,1883,tenue,3,9.402
La Croix,1883,chine,4,9.283
La Croix,1883,groupes,3,9.157
La Croix,1883,noir,3,8.94
La Croix,1884,morphy,3,17.189
La Croix,1884,hydre,7,16.667
La Croix,1884,expulser,3,12.294
La Croix,1884,anarchiste,3,10.904
La Croix,1884,arrêtés,7,10.533
La Croix,1884,anarchistes,3,10.527
La Croix,1884,meeting,6,10.146
La Croix,1884,autrichiens,3,10.066
La Croix,1884,imprimerie,3,9.953
La Croix,1884,condamné,8,9.709
La Croix,1885,lieske,3,19.892
La Croix,1885,possibilistes,3,16.097
La Croix,1885,rossa,5,16.09
La Croix,1885,naudet,3,14.885
La Croix,1885,collectivistes,6,13.806
La Croix,1885,intransigeants,6,13.706
La Croix,1885,martinet,3,12.175
La Croix,1885,menées,6,11.631
La Croix,1885,furieux,8,11.595
La Croix,1885,irlandais,4,11.166
La Croix,1886,basly,6,13.524
La Croix,1886,gallo,5,13.098
La Croix,1886,normand,4,11.731
La Croix,1886,dynamite,4,11.243
La Croix,1886,chicago,4,11.156
La Croix,1886,meeting,11,10.693
La Croix,1886,convoqué,3,10.516
La Croix,1886,belges,8,10.455
La Croix,1886,présents,5,9.735
La Croix,1886,organiser,5,9.625
La Croix,1887,possibilistes,3,16.48
La Croix,1887,neve,3,16.438
La Croix,1887,naudet,4,15.682
La Croix,1887,monod,4,13.582
La Croix,1887,chicago,18,13.491
La Croix,1887,placard,3,12.937
La Croix,1887,duval,17,12.667
La Croix,1887,exploits,4,11.382
La Croix,1887,meetings,4,11.343
La Croix,1887,compagnon,4,10.942
La Croix,1888,lucas,3,13.27
La Croix,1888,tombe,3,10.285
La Croix,1888,connu,3,9.514
La Croix,1888,police,4,8.245
La Croix,1888,réunion,3,7.648
La Croix,1888,quelques,4,6.925
La Croix,1888,bien,4,5.76
La Croix,1888,après,3,5.604
La Croix,1888,fait,3,5.294
La Croix,1888,p,73,4.542
La Croix,1889,soudey,5,21.042
La Croix,1889,morphy,3,18.902
La Croix,1889,complot,3,11.92
La Croix,1889,assises,3,10.724
La Croix,1889,suisse,4,10.421
La Croix,1889,cour,3,8.375
La Croix,1889,chez,3,7.369
La Croix,1889,trois,3,6.912
La Croix,1889,peu,3,6.856
La Croix,1889,hier,3,6.52
La Croix,1890,lorion,5,19.071
La Croix,1890,soudey,3,18.586
La Croix,1890,boulangistes,3,14.142
La Croix,1890,manifestes,5,13.907
La Croix,1890,martinet,3,12.715
La Croix,1890,contradictoire,5,12.535
La Croix,1890,garnier,5,11.792
La Croix,1890,roubaix,6,11.564
La Croix,1890,tourcoing,3,11.285
La Croix,1890,perquisitions,3,11.277
La Croix,1891,placards,3,13.128
La Croix,1891,levallois,4,11.092
La Croix,1891,attentat,8,10.827
La Croix,1891,ouen,4,10.553
La Croix,1891,clichy,5,10.439
La Croix,1891,protesté,3,10.38
La Croix,1891,arrestations,4,10.269
La Croix,1891,menaces,4,10.059
La Croix,1891,accusés,3,10.023
La Croix,1891,milan,3,9.901
La Croix,1892,ovise,3,18.217
La Croix,1892,dufournet,3,16.928
La Croix,1892,dufournel,3,16.139
La Croix,1892,ravachol,25,14.541
La Croix,1892,stéphanois,5,14.457
La Croix,1892,bricou,4,14.268
La Croix,1892,peinard,3,14.149
La Croix,1892,tournadre,3,14.027
La Croix,1892,xérès,18,13.83
La Croix,1892,martinet,22,13.13
La Croix,1893,schouppe,8,17.831
La Croix,1893,marpeaux,4,17.379
La Croix,1893,soudey,4,17.289
La Croix,1893,tournadre,6,15.774
La Croix,1893,rinaldi,4,15.768
La Croix,1893,peinard,3,14.896
La Croix,1893,pallas,4,14.403
La Croix,1893,valladolid,5,14.166
La Croix,1893,placards,15,13.905
La Croix,1893,xérès,5,12.729
La Croix,1894,marpeaux,9,16.888
La Croix,1894,fornaro,4,16.665
La Croix,1894,polti,8,15.786
La Croix,1894,léauthier,6,15.582
La Croix,1894,caserio,27,14.879
La Croix,1894,fénéon,4,14.698
La Croix,1894,jahn,6,14.64
La Croix,1894,tournadre,8,14.527
La Croix,1894,pauwels,6,14.052
La Croix,1894,peinard,4,13.649
La Croix,1895,schouppe,5,18.474
La Croix,1895,cohen,6,13.765
La Croix,1895,menées,14,13.002
La Croix,1895,collectivistes,3,12.955
La Croix,1895,abrogation,5,12.346
La Croix,1895,liège,6,11.615
La Croix,1895,complot,9,11.395
La Croix,1895,attentat,12,11.188
La Croix,1895,exploit,3,11.184
La Croix,1895,militant,4,11.047
La Croix,1896,matha,5,16.009
La Croix,1896,caserio,3,14.911
La Croix,1896,nihilistes,3,14.525
La Croix,1896,vivier,3,13.0
La Croix,1896,lecomte,5,12.219
La Croix,1896,menées,6,11.999
La Croix,1896,cléricaux,3,11.734
La Croix,1896,bombe,4,11.313
La Croix,1896,complot,7,11.251
La Croix,1896,admission,4,10.952
La Croix,1897,sampau,5,21.465
La Croix,1897,montjuich,5,16.324
La Croix,1897,canovas,3,13.718
La Croix,1897,libertaire,4,13.206
La Croix,1897,placards,3,13.051
La Croix,1897,expulsés,3,12.118
La Croix,1897,barcelone,15,11.951
La Croix,1897,doctrines,5,11.035
La Croix,1897,menées,3,10.926
La Croix,1897,brisson,4,10.849
La Croix,1898,schouppe,3,17.249
La Croix,1898,luccheni,6,16.792
La Croix,1898,etiévant,10,16.559
La Croix,1898,cyvoct,3,14.127
La Croix,1898,dreyfusards,4,13.744
La Croix,1898,placards,5,13.154
La Croix,1898,placide,4,13.036
La Croix,1898,dreyfusard,3,12.893
La Croix,1898,menées,14,12.515
La Croix,1898,placard,3,12.216
La Croix,1899,chaynes,3,17.012
La Croix,1899,sebastien,3,14.901
La Croix,1899,dreyfusards,7,14.745
La Croix,1899,communards,4,13.293
La Croix,1899,sébastien,16,12.801
La Croix,1899,assommé,3,12.26
La Croix,1899,faure,15,10.895
La Croix,1899,intellectuels,4,10.857
La Croix,1899,brochures,4,10.633
La Croix,1899,attentats,3,10.596
La Croix,1900,salsou,6,18.736
La Croix,1900,sipido,5,16.406
La Croix,1900,bressi,3,16.318
La Croix,1900,collectivistes,5,13.169
La Croix,1900,placards,4,12.796
La Croix,1900,prémédité,3,12.654
La Croix,1900,incendiaires,4,12.21
La Croix,1900,pillards,3,12.205
La Croix,1900,pillé,3,12.098
La Croix,1900,aubervilliers,5,11.751
La Croix,1901,galliotti,4,22.052
La Croix,1901,jaffei,3,20.052
La Croix,1901,tailhade,4,14.237
La Croix,1901,collectivistes,9,14.136
La Croix,1901,placards,5,13.238
La Croix,1901,moineau,4,13.201
La Croix,1901,ravachol,3,13.147
La Croix,1901,influents,3,12.297
La Croix,1901,buffalo,3,11.843
La Croix,1901,emma,3,11.667
La Croix,1902,libertad,5,16.066
La Croix,1902,accointances,3,14.879
La Croix,1902,catalan,3,12.57
La Croix,1902,hermann,4,12.431
La Croix,1902,cadix,3,12.252
La Croix,1902,menées,7,11.952
La Croix,1902,rey,5,11.943
La Croix,1902,attentats,6,11.84
La Croix,1902,bagarres,4,11.678
La Croix,1902,complot,8,11.175
La Croix,1903,parmeggiani,6,19.161
La Croix,1903,lambin,3,15.347
La Croix,1903,tailhade,4,15.082
La Croix,1903,libertaires,3,14.198
La Croix,1903,cadix,3,12.744
La Croix,1903,apaches,3,12.677
La Croix,1903,menées,5,11.959
La Croix,1903,attentats,3,11.332
La Croix,1903,bandes,4,10.755
La Croix,1903,barcelone,5,10.661
La Croix,1904,tailhade,3,15.171
La Croix,1904,philipp,3,15.032
La Croix,1904,baumann,3,14.15
La Croix,1904,liège,9,13.146
La Croix,1904,attentats,7,13.058
La Croix,1904,attentat,13,12.249
La Croix,1904,complot,8,12.171
La Croix,1904,barcelone,9,12.013
La Croix,1904,accusés,4,11.16
La Croix,1904,arrêtés,5,10.597
La Croix,1905,leyva,3,19.985
La Croix,1905,leira,3,19.036
La Croix,1905,farras,3,16.799
La Croix,1905,vallina,3,15.815
La Croix,1905,malato,5,13.774
La Croix,1905,perez,4,13.597
La Croix,1905,cambrioleurs,13,12.964
La Croix,1905,philip,3,12.507
La Croix,1905,détention,5,11.875
La Croix,1905,menées,7,11.805
La Croix,1906,stryga,3,17.025
La Croix,1906,tournay,3,14.566
La Croix,1906,antimilitaristes,7,13.255
La Croix,1906,collectivistes,5,13.086
La Croix,1906,fromentin,4,12.782
La Croix,1906,rosenberg,3,12.625
La Croix,1906,menées,13,12.289
La Croix,1906,millionnaire,4,12.027
La Croix,1906,complot,21,12.011
La Croix,1906,bombe,11,11.948
La Croix,1907,mateo,3,17.131
La Croix,1907,antimilitaristes,5,14.153
La Croix,1907,menées,6,12.557
La Croix,1907,théories,3,11.332
La Croix,1907,hervé,4,10.938
La Croix,1907,confédération,3,10.637
La Croix,1907,révolutionnaires,4,9.964
La Croix,1907,militants,3,9.664
La Croix,1907,socialistes,9,9.102
La Croix,1907,radicaux,3,8.993
La Croix,1908,antimilitaristes,4,13.898
La Croix,1908,syndicalisme,8,13.054
La Croix,1908,menées,3,11.623
La Croix,1908,théories,3,11.398
La Croix,1908,doctrines,3,10.995
La Croix,1908,complot,3,10.654
La Croix,1908,révolutionnaire,6,10.165
La Croix,1908,attentat,3,10.032
La Croix,1908,socialisme,4,9.723
La Croix,1908,socialistes,13,9.699
La Croix,1909,antipatriotes,4,15.666
La Croix,1909,ferrer,17,14.259
La Croix,1909,antimilitaristes,3,13.104
La Croix,1909,barcelone,10,11.684
La Croix,1909,menées,3,11.245
La Croix,1909,maçon,3,11.219
La Croix,1909,intellectuels,3,11.2
La Croix,1909,révolutionnaires,11,11.112
La Croix,1909,espagnol,7,10.411
La Croix,1909,complot,3,10.275
La Croix,1910,rova,5,17.454
La Croix,1910,antiparlementaire,3,15.692
La Croix,1910,unifiés,3,12.625
La Croix,1910,ferrer,3,11.91
La Croix,1910,brochures,5,11.868
La Croix,1910,volé,5,11.469
La Croix,1910,violents,3,11.013
La Croix,1910,brigade,6,10.835
La Croix,1910,révolutionnaires,8,10.806
La Croix,1910,reims,4,10.2
La Croix,1911,libertaires,3,14.504
La Croix,1911,antimilitariste,4,13.19
La Croix,1911,menées,4,11.943
La Croix,1911,attentats,3,11.638
La Croix,1911,sébastien,3,11.428
La Croix,1911,brochures,3,11.26
La Croix,1911,révolutionnaire,10,10.806
La Croix,1911,révolutionnaires,7,10.743
La Croix,1911,cercles,3,10.364
La Croix,1911,attentat,3,9.936
La Croix,1912,soudy,3,15.57
La Croix,1912,repaire,4,14.019
La Croix,1912,bonnot,4,13.915
La Croix,1912,fréquentait,3,13.656
La Croix,1912,fromentin,3,13.247
La Croix,1912,millionnaire,5,13.229
La Croix,1912,antimilitaristes,3,12.913
La Croix,1912,attentats,4,11.579
La Croix,1912,perquisitions,4,11.575
La Croix,1912,bandits,7,11.57
La Croix,1913,bandits,27,13.295
La Croix,1913,menées,15,13.153
La Croix,1913,yvetot,3,12.994
La Croix,1913,antimilitariste,5,12.816
La Croix,1913,antimilitaristes,3,12.691
La Croix,1913,syndicalistes,9,12.684
La Croix,1913,ferrer,4,11.758
La Croix,1913,syndicalisme,5,11.584
La Croix,1913,bandit,3,11.232
La Croix,1913,révolutionnaires,12,10.824
La Croix,1914,socialistes,4,9.711
La Croix,1914,autres,4,7.796
La Croix,1914,français,3,7.446
La Croix,1914,comme,3,6.08
La Croix,1914,plus,5,5.752
La Croix,1914,p,40,4.544
La Croix,1914,a,6,4.174
La Croix,1915,drapeau,3,13.227
La Croix,1915,p,3,2.964
La Croix,1916,peut,3,8.651
La Croix,1916,être,3,7.932
La Croix,1916,a,3,4.862
La Croix,1916,p,5,3.232
La Croix,1917,barrion,3,18.615
La Croix,1917,armés,3,12.778
La Croix,1917,jeune,3,8.568
La Croix,1917,p,59,5.181
La Croix,1917,a,6,4.25
La Croix,1917,style,8,0.586
La Croix,1917,color,6,0.171
La Croix,1917,span,11,0.046
La Croix,1917,slategray,5,-0.092
La Croix,1918,défaitistes,3,15.742
La Croix,1918,sébastien,4,12.953
La Croix,1918,révolutionnaires,4,11.046
La Croix,1918,mouvement,3,8.606
La Croix,1918,guerre,3,6.498
La Croix,1918,leurs,3,6.205
La Croix,1918,contre,3,5.926
La Croix,1918,a,6,3.477
La Croix,1918,p,28,3.333
La Croix,1918,style,77,3.08
La Croix,1919,cottin,4,15.587
La Croix,1919,agitateurs,3,13.981
La Croix,1919,tracts,3,12.533
La Croix,1919,cet,4,7.538
La Croix,1919,guerre,4,7.024
La Croix,1919,contre,4,6.452
La Croix,1919,a,9,4.174
La Croix,1919,p,26,3.337
La Croix,1919,slategray,44,2.384
La Croix,1919,style,43,2.351
La Croix,1920,ancône,3,16.26
La Croix,1920,menées,6,13.116
La Croix,1920,complot,4,11.562
La Croix,1920,attentat,4,10.94
La Croix,1920,propagande,10,10.375
La Croix,1920,éléments,4,10.195
La Croix,1920,bande,3,10.048
La Croix,1920,fédération,4,8.758
La Croix,1920,parti,4,6.878
La Croix,1920,devant,3,6.489
La Croix,1921,bolchevistes,4,14.223
La Croix,1921,menées,7,13.846
La Croix,1921,bombe,3,12.523
La Croix,1921,attentat,4,11.447
La Croix,1921,propagande,5,9.882
La Croix,1921,jeunesse,4,9.757
La Croix,1921,écoles,3,9.69
La Croix,1921,communiste,3,9.146
La Croix,1921,socialistes,3,8.584
La Croix,1921,a,11,4.336
La Croix,1922,p,6,3.577
La Croix,1922,color,15,3.187
La Croix,1922,slategray,14,3.088
La Croix,1922,style,14,3.087
La Croix,1922,span,21,2.673
La Croix,1923,berton,4,14.058
La Croix,1923,plateau,3,11.895
La Croix,1923,milieux,5,10.861
La Croix,1923,propagande,4,9.576
La Croix,1923,jeune,5,8.532
La Croix,1923,contre,3,5.926
La Croix,1923,fait,3,5.468
La Croix,1923,lt,3,5.342
La Croix,1923,cette,4,5.318
La Croix,1923,p,34,3.613
La Croix,1924,germaine,3,12.276
La Croix,1924,communistes,6,11.143
La Croix,1924,socialistes,3,9.066
La Croix,1924,fait,3,5.935
La Croix,1924,p,27,3.747
La Croix,1924,a,3,2.944
La Croix,1924,style,41,2.638
La Croix,1924,color,40,2.602
La Croix,1924,span,72,2.45
La Croix,1924,slategray,36,2.45
La Croix,1925,gruffy,4,17.225
La Croix,1925,prouvost,3,16.609
La Croix,1925,menées,6,13.074
La Croix,1925,vidal,3,11.952
La Croix,1925,communistes,12,11.112
La Croix,1925,propagande,13,10.712
La Croix,1925,dangereux,3,10.474
La Croix,1925,élèves,4,9.814
La Croix,1925,but,4,8.645
La Croix,1925,communiste,3,8.597
La Croix,1926,espagnols,9,13.143
La Croix,1926,trois,3,7.171
La Croix,1926,deux,3,6.027
La Croix,1926,tout,3,5.745
La Croix,1926,a,5,3.724
La Croix,1926,p,21,3.428
La Croix,1926,style,42,2.716
La Croix,1926,span,82,2.681
La Croix,1926,color,40,2.645
La Croix,1926,slategray,37,2.533
La Croix,1927,vanzetti,6,15.397
La Croix,1927,sacco,5,14.937
La Croix,1927,attentats,3,12.373
La Croix,1927,communistes,10,11.037
La Croix,1927,terreur,3,10.988
La Croix,1927,condamnés,3,10.681
La Croix,1927,propagande,10,10.522
La Croix,1927,italiens,6,10.485
La Croix,1927,révolutionnaires,3,10.255
La Croix,1927,exécution,4,9.999
La Croix,1928,propagande,3,9.908
La Croix,1928,but,3,9.542
La Croix,1928,non,4,7.714
La Croix,1928,contre,3,6.673
La Croix,1928,deux,3,6.264
La Croix,1928,p,20,3.594
La Croix,1928,color,37,2.77
La Croix,1928,style,35,2.69
La Croix,1928,slategray,33,2.605
La Croix,1928,span,56,2.368
La Croix,1929,etes,4,15.019
La Croix,1929,menées,3,13.493
La Croix,1929,italiens,3,10.715
La Croix,1929,propagande,3,10.015
La Croix,1929,a,6,4.331
La Croix,1929,p,20,3.701
La Croix,1929,style,28,2.475
La Croix,1929,span,51,2.34
La Croix,1929,color,25,2.311
La Croix,1929,slategray,24,2.252
La Croix,1930,communistes,4,11.288
La Croix,1930,a,4,4.089
La Croix,1930,p,8,2.722
La Croix,1930,style,24,2.595
La Croix,1930,color,24,2.595
La Croix,1930,slategray,23,2.534
La Croix,1930,span,45,2.502
La Croix,1931,schirru,5,21.851
La Croix,1931,syndicaliste,3,13.634
La Croix,1931,italien,5,10.881
La Croix,1931,police,4,8.973
La Croix,1931,part,3,7.763
La Croix,1931,deux,4,6.486
La Croix,1931,contre,3,6.48
La Croix,1931,p,32,4.08
La Croix,1931,a,6,4.032
La Croix,1931,color,25,2.012
La Croix,1932,syndicalistes,3,14.002
La Croix,1932,propagande,3,10.256
La Croix,1932,comme,3,6.479
La Croix,1932,a,6,4.572
La Croix,1932,p,15,3.527
La Croix,1932,span,38,2.156
La Croix,1932,color,19,2.156
La Croix,1932,style,18,2.078
La Croix,1932,slategray,16,1.908
La Croix,1933,ibérique,6,17.746
La Croix,1933,complot,4,12.469
La Croix,1933,madrid,4,10.625
La Croix,1933,communistes,4,10.476
La Croix,1933,fédération,7,10.472
La Croix,1933,mouvement,5,9.728
La Croix,1933,espagne,4,9.675
La Croix,1933,dit,3,6.563
La Croix,1933,a,7,4.084
La Croix,1933,p,21,3.302
La Croix,1934,syndicalistes,4,14.484
La Croix,1934,communistes,11,12.713
La Croix,1934,organisations,3,11.321
La Croix,1934,socialistes,3,9.761
La Croix,1934,jeunes,3,9.492
La Croix,1934,plus,3,5.481
La Croix,1934,p,4,1.688
La Croix,1934,style,12,1.56
La Croix,1934,color,12,1.56
La Croix,1934,slategray,11,1.435
La Croix,1935,color,5,1.783
La Croix,1935,span,8,1.461
La Croix,1935,slategray,4,1.461
La Croix,1935,style,4,1.461
La Croix,1936,ibérique,3,15.585
La Croix,1936,marxistes,4,14.326
La Croix,1936,basques,3,13.494
La Croix,1936,bilbao,4,13.139
La Croix,1936,communistes,29,12.173
La Croix,1936,syndicalistes,3,12.131
La Croix,1936,venus,5,10.298
La Croix,1936,espagnols,3,10.271
La Croix,1936,révolutionnaires,3,9.855
La Croix,1936,fédération,9,9.674
La Croix,1937,peyro,3,19.926
La Croix,1937,trotskystes,3,17.183
La Croix,1937,tamburini,3,16.138
La Croix,1937,ibérique,3,15.797
La Croix,1937,valence,3,11.589
La Croix,1937,communistes,10,10.849
La Croix,1937,italien,4,9.44
La Croix,1937,fédération,6,9.301
La Croix,1937,arrêté,3,8.625
La Croix,1937,forces,3,8.533
La Croix,1938,espagnols,3,12.473
La Croix,1938,espagne,3,10.301
La Croix,1938,tout,3,6.66
La Croix,1938,plus,3,5.744
La Croix,1938,p,14,3.758
La Croix,1938,style,16,2.238
La Croix,1938,span,31,2.193
La Croix,1938,color,14,2.046
La Croix,1938,slategray,14,2.046
La Croix,1939,style,99,4.043
La Croix,1939,slategray,97,4.014
La Croix,1939,color,96,3.999
La Croix,1939,span,191,3.991
La Croix,1939,p,10,2.448
La Croix,1940,activité,4,12.715
La Croix,1940,communiste,4,12.224
La Croix,1940,style,19,3.709
La Croix,1940,span,36,3.631
La Croix,1940,color,18,3.631
La Croix,1940,slategray,18,3.631
Le Constitutionnel,1870,style,5,3.368
Le Constitutionnel,1870,color,5,3.368
Le Constitutionnel,1870,slategray,5,3.368
Le Constitutionnel,1870,span,9,3.216
Le Constitutionnel,1871,style,21,3.59
Le Constitutionnel,1871,color,19,3.446
Le Constitutionnel,1871,slategray,18,3.368
Le Constitutionnel,1871,span,35,3.327
Le Constitutionnel,1872,style,3,3.953
Le Constitutionnel,1872,color,3,3.953
Le Constitutionnel,1872,slategray,3,3.953
Le Constitutionnel,1872,span,4,3.368
Le Constitutionnel,1878,parti,3,9.452
Le Constitutionnel,1878,slategray,16,3.28
Le Constitutionnel,1878,color,14,3.088
Le Constitutionnel,1878,span,28,3.088
Le Constitutionnel,1878,style,12,2.865
Le Constitutionnel,1890,style,35,3.973
Le Constitutionnel,1890,color,34,3.932
Le Constitutionnel,1890,slategray,32,3.844
Le Constitutionnel,1890,span,59,3.727
Le Constitutionnel,1891,style,5,3.69
Le Constitutionnel,1891,color,5,3.69
Le Constitutionnel,1891,slategray,5,3.69
Le Constitutionnel,1891,span,7,3.175
Le Constitutionnel,1892,jarroux,3,18.44
Le Constitutionnel,1892,walsall,3,17.263
Le Constitutionnel,1892,merlino,4,16.637
Le Constitutionnel,1892,pemjean,3,15.632
Le Constitutionnel,1892,dynamiteurs,4,14.211
Le Constitutionnel,1892,tournadre,3,14.018
Le Constitutionnel,1892,bricou,3,13.844
Le Constitutionnel,1892,chures,3,13.17
Le Constitutionnel,1892,pini,5,13.101
Le Constitutionnel,1892,martinet,19,12.909
Le Constitutionnel,1896,admission,3,12.755
Le Constitutionnel,1896,deux,3,6.094
Le Constitutionnel,1896,a,4,3.469
Le Constitutionnel,1896,color,58,3.249
Le Constitutionnel,1896,style,57,3.223
Le Constitutionnel,1896,slategray,52,3.091
Le Constitutionnel,1896,span,97,2.99
Le Constitutionnel,1898,menées,10,12.908
Le Constitutionnel,1898,expulsés,3,12.362
Le Constitutionnel,1898,anti,7,11.714
Le Constitutionnel,1898,agissements,3,11.156
Le Constitutionnel,1898,attentat,7,10.802
Le Constitutionnel,1898,militants,5,10.015
Le Constitutionnel,1898,dangereux,4,9.985
Le Constitutionnel,1898,italiens,3,8.393
Le Constitutionnel,1898,suisse,3,8.287
Le Constitutionnel,1898,conférence,7,8.154
Le Constitutionnel,1899,style,32,3.613
Le Constitutionnel,1899,color,32,3.613
Le Constitutionnel,1899,slategray,32,3.613
Le Constitutionnel,1899,span,54,3.368
Le Constitutionnel,1899,p,4,2.325
Le Constitutionnel,1900,lanner,3,18.51
Le Constitutionnel,1900,attentat,4,10.731
Le Constitutionnel,1900,italien,3,8.859
Le Constitutionnel,1900,color,215,3.831
Le Constitutionnel,1900,style,214,3.824
Le Constitutionnel,1900,slategray,212,3.81
Le Constitutionnel,1900,span,365,3.594
Le Constitutionnel,1900,a,8,3.161
Le Constitutionnel,1900,p,11,1.254
Le Constitutionnel,1901,arrêtés,3,9.902
Le Constitutionnel,1901,septembre,3,7.257
Le Constitutionnel,1901,journal,3,6.397
Le Constitutionnel,1901,contre,4,5.469
Le Constitutionnel,1901,color,269,4.013
Le Constitutionnel,1901,style,257,3.947
Le Constitutionnel,1901,slategray,257,3.947
Le Constitutionnel,1901,span,437,3.713
Le Constitutionnel,1901,a,5,2.342
Le Constitutionnel,1901,p,5,-0.025
Le Constitutionnel,1903,style,6,3.631
Le Constitutionnel,1903,span,9,3.216
Le Constitutionnel,1903,color,4,3.046
Le Constitutionnel,1903,slategray,4,3.046
Le Constitutionnel,1904,attentat,3,12.514
Le Constitutionnel,1904,color,52,3.981
Le Constitutionnel,1904,style,50,3.924
Le Constitutionnel,1904,slategray,49,3.895
Le Constitutionnel,1904,span,86,3.707
Le Constitutionnel,1904,p,4,1.992
Le Constitutionnel,1906,attentats,5,13.631
Le Constitutionnel,1906,police,3,8.148
Le Constitutionnel,1906,style,133,4.013
Le Constitutionnel,1906,color,126,3.936
Le Constitutionnel,1906,slategray,116,3.816
Le Constitutionnel,1906,span,220,3.74
Le Constitutionnel,1906,p,22,3.13
Le Constitutionnel,1907,slategray,10,4.368
Le Constitutionnel,1907,color,8,4.046
Le Constitutionnel,1907,span,14,3.853
Le Constitutionnel,1907,style,7,3.853
Le Constitutionnel,1908,slategray,3,3.368
Le Constitutionnel,1908,span,5,3.105
Le Constitutionnel,1912,bandits,7,13.622
Le Constitutionnel,1912,mouvement,5,9.81
Le Constitutionnel,1912,color,112,4.088
Le Constitutionnel,1912,slategray,102,3.953
Le Constitutionnel,1912,style,102,3.953
Le Constitutionnel,1912,span,177,3.748
Le Constitutionnel,1912,p,10,2.314
Le Constitutionnel,1913,style,51,3.953
Le Constitutionnel,1913,color,51,3.953
Le Constitutionnel,1913,slategray,48,3.865
Le Constitutionnel,1913,span,93,3.82
Le Constitutionnel,1913,p,6,2.577
Le Populaire,1918,plekhanof,4,22.203
Le Populaire,1918,socialisme,5,11.971
Le Populaire,1918,fédération,4,10.191
Le Populaire,1918,tour,3,8.976
Le Populaire,1918,g,5,8.17
Le Populaire,1918,â,9,7.73
Le Populaire,1918,e,4,6.635
Le Populaire,1918,comme,3,6.294
Le Populaire,1918,p,28,4.243
Le Populaire,1918,color,11,1.183
Le Populaire,1919,attentats,5,13.109
Le Populaire,1919,syndicaliste,3,12.703
Le Populaire,1919,karl,3,12.532
Le Populaire,1919,syndicalistes,3,12.531
Le Populaire,1919,vieil,4,11.63
Le Populaire,1919,révolutionnaire,5,10.541
Le Populaire,1919,clemenceau,4,10.079
Le Populaire,1919,bourgeois,3,9.437
Le Populaire,1919,propagande,4,9.2
Le Populaire,1919,certains,4,8.669
Le Populaire,1920,syndicalistes,13,14.719
Le Populaire,1920,menées,8,13.75
Le Populaire,1920,communisme,3,11.645
Le Populaire,1920,listes,3,10.526
Le Populaire,1920,jadis,3,10.254
Le Populaire,1920,socialistes,9,9.881
Le Populaire,1920,communistes,4,9.788
Le Populaire,1920,fédération,6,9.562
Le Populaire,1920,syndicats,4,9.533
Le Populaire,1920,propagande,4,9.272
Le Populaire,1921,menées,12,13.354
Le Populaire,1921,syndicalistes,8,13.037
Le Populaire,1921,lange,3,12.749
Le Populaire,1921,révolu,3,11.844
Le Populaire,1921,militant,3,11.207
Le Populaire,1921,communistes,16,10.807
Le Populaire,1921,tendances,3,10.375
Le Populaire,1921,communiste,13,9.992
Le Populaire,1921,attentat,3,9.762
Le Populaire,1921,révolutionnaires,4,9.761
Le Populaire,1922,gande,4,13.582
Le Populaire,1922,propa,4,13.316
Le Populaire,1922,syndi,5,13.259
Le Populaire,1922,syndicalistes,6,13.019
Le Populaire,1922,purs,4,12.688
Le Populaire,1922,militant,4,12.018
Le Populaire,1922,théories,4,11.94
Le Populaire,1922,révolutionnaires,7,10.965
Le Populaire,1922,communistes,8,10.203
Le Populaire,1922,listes,3,9.941
Le Populaire,1923,eltzlacher,4,23.714
Le Populaire,1923,casteu,3,19.051
Le Populaire,1923,individualistes,3,15.863
Le Populaire,1923,engels,5,14.569
Le Populaire,1923,libertaire,4,13.64
Le Populaire,1923,berton,5,13.102
Le Populaire,1923,bolchevik,3,12.816
Le Populaire,1923,syndicalistes,6,12.629
Le Populaire,1923,germaine,7,11.753
Le Populaire,1923,menées,3,11.36
Le Populaire,1924,stirner,3,20.103
Le Populaire,1924,kropotkine,3,16.518
Le Populaire,1924,salvator,3,15.48
Le Populaire,1924,syndicalistes,9,14.035
Le Populaire,1924,qualifiés,5,13.387
Le Populaire,1924,réformistes,3,12.246
Le Populaire,1924,socialisme,9,11.452
Le Populaire,1924,barcelone,4,11.3
Le Populaire,1924,communistes,7,10.442
Le Populaire,1924,socialistes,12,10.142
Le Populaire,1925,plekhanoff,9,23.053
Le Populaire,1925,biographie,9,17.486
Le Populaire,1925,syndical,7,14.664
Le Populaire,1925,socialisme,16,14.593
Le Populaire,1925,vol,21,14.045
Le Populaire,1925,georges,9,11.899
Le Populaire,1925,â,11,8.963
Le Populaire,1925,parti,3,8.839
Le Populaire,1925,p,36,5.549
Le Populaire,1926,syndical,3,15.335
Le Populaire,1926,vol,7,14.353
Le Populaire,1926,socialisme,3,14.071
Le Populaire,1926,â,4,9.396
Le Populaire,1926,p,6,4.857
Le Populaire,1927,lecoin,7,17.99
Le Populaire,1927,jimenez,3,16.127
Le Populaire,1927,vanzetti,3,13.86
Le Populaire,1927,militant,4,11.993
Le Populaire,1927,attentats,3,11.836
Le Populaire,1927,propagande,20,10.985
Le Populaire,1927,espagnols,5,10.872
Le Populaire,1927,bombes,3,10.769
Le Populaire,1927,complot,3,10.756
Le Populaire,1927,italiens,9,10.533
Le Populaire,1928,stirner,3,21.16
Le Populaire,1928,max,3,11.411
Le Populaire,1928,révolutionnaires,3,11.231
Le Populaire,1928,italienne,3,11.038
Le Populaire,1928,danger,3,10.331
Le Populaire,1928,but,4,9.81
Le Populaire,1928,france,5,7.204
Le Populaire,1928,plus,3,4.919
Le Populaire,1928,p,39,4.411
Le Populaire,1928,a,3,3.077
Le Populaire,1929,propagande,7,12.031
Le Populaire,1929,bruxelles,3,11.449
Le Populaire,1929,but,4,10.858
Le Populaire,1929,p,33,5.217
Le Populaire,1929,color,6,1.046
Le Populaire,1929,slategray,6,1.046
Le Populaire,1929,span,8,0.461
Le Populaire,1929,style,4,0.461
Le Populaire,1930,utopisme,3,19.573
Le Populaire,1930,confusionnisme,3,16.962
Le Populaire,1930,bâtards,7,16.749
Le Populaire,1930,cornélia,3,15.993
Le Populaire,1930,cornelia,3,15.912
Le Populaire,1930,vanzetti,8,14.385
Le Populaire,1930,sacco,5,13.51
Le Populaire,1930,boston,7,13.48
Le Populaire,1930,propagandistes,3,12.384
Le Populaire,1930,etes,3,11.947
Le Populaire,1931,schirru,6,20.847
Le Populaire,1931,syndicalistes,8,13.61
Le Populaire,1931,tendance,12,12.046
Le Populaire,1931,barcelone,3,10.629
Le Populaire,1931,arrêtés,4,10.476
Le Populaire,1931,dangereux,3,10.326
Le Populaire,1931,syndicats,8,10.124
Le Populaire,1931,jadis,3,9.845
Le Populaire,1931,milieux,4,9.827
Le Populaire,1931,groupes,3,9.139
Le Populaire,1932,sbardellotto,3,21.225
Le Populaire,1932,tendances,3,11.893
Le Populaire,1932,éléments,3,10.535
Le Populaire,1932,mouvement,6,9.839
Le Populaire,1932,arrêté,4,9.837
Le Populaire,1932,propagande,4,9.808
Le Populaire,1932,fédération,3,9.098
Le Populaire,1932,travail,6,8.52
Le Populaire,1932,république,3,8.122
Le Populaire,1932,cet,3,7.244
Le Populaire,1933,ibérique,13,18.477
Le Populaire,1933,soulèvement,3,13.698
Le Populaire,1933,insurrection,3,12.335
Le Populaire,1933,espagnols,3,11.048
Le Populaire,1933,fédération,13,10.981
Le Populaire,1933,communistes,6,10.676
Le Populaire,1933,mouvement,12,10.606
Le Populaire,1933,espagne,5,9.612
Le Populaire,1933,socialistes,6,9.599
Le Populaire,1933,communiste,4,9.576
Le Populaire,1934,léninistes,4,18.779
Le Populaire,1934,ibérique,8,18.083
Le Populaire,1934,pacifiste,3,14.01
Le Populaire,1934,syndicalistes,5,13.95
Le Populaire,1934,jeunesses,11,13.737
Le Populaire,1934,juive,4,13.38
Le Populaire,1934,union,23,11.423
Le Populaire,1934,communistes,8,11.398
Le Populaire,1934,fédération,14,11.394
Le Populaire,1934,éléments,5,11.346
Le Populaire,1935,zan,3,16.311
Le Populaire,1935,théoricien,3,15.116
Le Populaire,1935,attentats,6,13.143
Le Populaire,1935,menées,5,12.77
Le Populaire,1935,propagande,39,12.256
Le Populaire,1935,but,19,10.852
Le Populaire,1935,doctrine,5,10.676
Le Populaire,1935,communistes,6,10.071
Le Populaire,1935,caractère,6,9.8
Le Populaire,1935,acte,8,9.722
Le Populaire,1936,ibérique,11,17.957
Le Populaire,1936,propagande,13,10.998
Le Populaire,1936,fascistes,3,10.708
Le Populaire,1936,fédération,11,10.461
Le Populaire,1936,éléments,3,10.024
Le Populaire,1936,communistes,4,9.813
Le Populaire,1936,but,3,8.516
Le Populaire,1936,f,6,6.532
Le Populaire,1936,gouvernement,3,6.33
Le Populaire,1936,tous,4,5.679
Le Populaire,1937,aldo,4,17.619
Le Populaire,1937,attentats,5,13.145
Le Populaire,1937,communistes,7,10.559
Le Populaire,1937,italien,7,10.472
Le Populaire,1937,réalité,3,9.787
Le Populaire,1937,italiens,3,9.521
Le Populaire,1937,socialistes,6,9.259
Le Populaire,1937,â,11,6.768
Le Populaire,1937,depuis,3,6.419
Le Populaire,1937,dit,4,6.254
Le Populaire,1938,italien,3,11.19
Le Populaire,1938,communiste,3,10.761
Le Populaire,1938,ailleurs,3,9.551
Le Populaire,1938,ni,3,8.583
Le Populaire,1938,â,6,7.835
Le Populaire,1938,a,5,4.814
Le Populaire,1938,p,13,3.826
Le Populaire,1939,républicains,3,11.478
Le Populaire,1939,communistes,3,11.143
Le Populaire,1939,socialistes,4,10.481
Le Populaire,1939,point,5,9.252
Le Populaire,1939,p,12,3.577
Le Populaire,1939,style,3,-0.135
Le Populaire,1939,color,3,-0.135
Le Populaire,1939,slategray,3,-0.135
Le Populaire,1939,span,3,-1.135
Le Populaire,1940,color,5,3.69
Le Populaire,1940,slategray,5,3.69
Le Populaire,1940,style,4,3.368
Le Populaire,1940,span,6,2.953
